#
# TABLE STRUCTURE FOR: media
#

DROP TABLE IF EXISTS `media`;

CREATE TABLE `media` (
  `id` bigint(20) unsigned NOT NULL AUTO_INCREMENT,
  `media_type_id` bigint(20) unsigned DEFAULT NULL,
  `users_id` bigint(20) unsigned NOT NULL,
  `body` text COLLATE utf8mb4_unicode_ci DEFAULT NULL,
  `filename` varchar(255) COLLATE utf8mb4_unicode_ci DEFAULT NULL,
  `size` int(11) DEFAULT NULL,
  `metadata` longtext CHARACTER SET utf8mb4 COLLATE utf8mb4_bin DEFAULT NULL CHECK (json_valid(`metadata`)),
  `created_at` datetime DEFAULT current_timestamp(),
  `updated_at` datetime DEFAULT current_timestamp() ON UPDATE current_timestamp(),
  PRIMARY KEY (`id`),
  KEY `users_id` (`users_id`),
  KEY `media_type_id` (`media_type_id`),
  CONSTRAINT `media_ibfk_1` FOREIGN KEY (`users_id`) REFERENCES `users` (`id`) ON DELETE CASCADE ON UPDATE CASCADE,
  CONSTRAINT `media_ibfk_2` FOREIGN KEY (`media_type_id`) REFERENCES `media_types` (`id`) ON DELETE SET NULL ON UPDATE CASCADE
) ENGINE=InnoDB AUTO_INCREMENT=101 DEFAULT CHARSET=utf8mb4 COLLATE=utf8mb4_unicode_ci;

INSERT INTO `media` (`id`, `media_type_id`, `users_id`, `body`, `filename`, `size`, `metadata`, `created_at`, `updated_at`) VALUES ('1', '1', '1', 'Ut nostrum dolorum in ipsa beatae. Aut non tempore ducimus dignissimos molestiae. Qui ipsam sapiente quis et animi. Autem distinctio ratione explicabo velit corrupti quam.', 'eos', 512, NULL, '1997-03-10 17:03:17', '1986-06-05 04:14:41');
INSERT INTO `media` (`id`, `media_type_id`, `users_id`, `body`, `filename`, `size`, `metadata`, `created_at`, `updated_at`) VALUES ('2', '2', '2', 'Ut optio tempora consequatur. Dignissimos inventore consequatur qui. Consequuntur nam omnis nihil minima qui. Rerum qui eum in quis earum voluptatem aut error.', 'repudiandae', 19988567, NULL, '2022-10-01 06:22:44', '1998-07-23 20:46:04');
INSERT INTO `media` (`id`, `media_type_id`, `users_id`, `body`, `filename`, `size`, `metadata`, `created_at`, `updated_at`) VALUES ('3', '3', '3', 'Voluptas adipisci assumenda hic consectetur qui. Omnis voluptas tempore minus omnis consequatur error eius. Natus consequatur placeat esse ut placeat temporibus. Molestiae cum et impedit eligendi architecto voluptatibus.', 'fuga', 2489447, NULL, '1997-06-05 07:37:25', '2004-04-20 13:46:41');
INSERT INTO `media` (`id`, `media_type_id`, `users_id`, `body`, `filename`, `size`, `metadata`, `created_at`, `updated_at`) VALUES ('4', '4', '4', 'Mollitia quas id fuga fuga. Quam eveniet sint sapiente unde. Voluptatem illum dolore ea voluptas tempora quo inventore ipsum. Repudiandae non blanditiis voluptates eos vero dolorum ipsa.', 'et', 0, NULL, '1991-01-19 13:01:31', '1985-10-02 01:38:33');
INSERT INTO `media` (`id`, `media_type_id`, `users_id`, `body`, `filename`, `size`, `metadata`, `created_at`, `updated_at`) VALUES ('5', '1', '5', 'Et possimus explicabo velit sunt in repellat. Ipsum nulla repellat beatae. Aliquid nihil doloremque est rem repellendus.', 'est', 7, NULL, '2015-01-13 01:25:11', '1970-12-01 08:03:44');
INSERT INTO `media` (`id`, `media_type_id`, `users_id`, `body`, `filename`, `size`, `metadata`, `created_at`, `updated_at`) VALUES ('6', '2', '6', 'Ea nihil molestiae magni beatae debitis et. Quae facilis ipsum et labore. Saepe tempora dolores eligendi ex.', 'sunt', 5471, NULL, '2000-03-24 03:54:28', '2013-07-31 07:18:38');
INSERT INTO `media` (`id`, `media_type_id`, `users_id`, `body`, `filename`, `size`, `metadata`, `created_at`, `updated_at`) VALUES ('7', '3', '7', 'Excepturi ea veritatis neque quia sunt sunt amet. Dolor est eum eum repudiandae et voluptatibus perspiciatis. Nesciunt non similique veritatis. Molestiae totam quos et ad dolores omnis.', 'aut', 730168, NULL, '2006-07-04 00:13:21', '2008-12-09 13:28:30');
INSERT INTO `media` (`id`, `media_type_id`, `users_id`, `body`, `filename`, `size`, `metadata`, `created_at`, `updated_at`) VALUES ('8', '4', '8', 'Fuga nulla rerum odio sed ad. Non illum aliquam alias fuga. Tempora nostrum sed repellendus necessitatibus pariatur qui sed.', 'voluptas', 42612, NULL, '1995-08-28 12:37:32', '2002-01-05 03:15:53');
INSERT INTO `media` (`id`, `media_type_id`, `users_id`, `body`, `filename`, `size`, `metadata`, `created_at`, `updated_at`) VALUES ('9', '1', '9', 'Aut sit in aut. Ipsam accusamus illum accusamus illo qui. Voluptatibus nam rerum nihil sed velit eaque adipisci consectetur.', 'velit', 861991881, NULL, '2011-05-21 11:59:45', '1988-03-13 04:18:20');
INSERT INTO `media` (`id`, `media_type_id`, `users_id`, `body`, `filename`, `size`, `metadata`, `created_at`, `updated_at`) VALUES ('10', '2', '10', 'Ad harum optio ut magni sit est sunt occaecati. Quas quas ullam quia soluta a totam. Repellendus et similique consequatur qui est et voluptates. Architecto consectetur blanditiis beatae qui perspiciatis.', 'eos', 25201, NULL, '2002-03-08 06:20:10', '1973-06-20 02:04:00');
INSERT INTO `media` (`id`, `media_type_id`, `users_id`, `body`, `filename`, `size`, `metadata`, `created_at`, `updated_at`) VALUES ('11', '3', '11', 'Consectetur maiores error atque corrupti quo omnis quis. Corporis rerum consequatur sit voluptate labore. Nisi qui voluptas cumque eum ut. Ducimus praesentium qui consequuntur sapiente ut amet fugiat et.', 'molestiae', 88129, NULL, '2003-12-31 03:50:21', '2021-12-26 17:19:39');
INSERT INTO `media` (`id`, `media_type_id`, `users_id`, `body`, `filename`, `size`, `metadata`, `created_at`, `updated_at`) VALUES ('12', '4', '12', 'Accusamus ea eum commodi voluptatem quas. Est fuga in iure ut. Occaecati eius est ullam quae cumque. Sit voluptates ex aut maiores accusantium sit.', 'officia', 489708, NULL, '2005-04-16 08:32:06', '2011-12-19 17:49:14');
INSERT INTO `media` (`id`, `media_type_id`, `users_id`, `body`, `filename`, `size`, `metadata`, `created_at`, `updated_at`) VALUES ('13', '1', '13', 'Sint et et qui. Expedita id soluta delectus sequi tempora. Iusto ratione fugit et atque.', 'odit', 7, NULL, '2013-06-22 02:59:47', '1978-12-13 01:28:42');
INSERT INTO `media` (`id`, `media_type_id`, `users_id`, `body`, `filename`, `size`, `metadata`, `created_at`, `updated_at`) VALUES ('14', '2', '14', 'Omnis rerum facilis omnis. Totam reprehenderit nesciunt cum. Dolorem ipsum consequatur officiis nobis rerum quia.', 'possimus', 2016910, NULL, '1975-03-04 03:03:14', '2013-05-12 06:16:59');
INSERT INTO `media` (`id`, `media_type_id`, `users_id`, `body`, `filename`, `size`, `metadata`, `created_at`, `updated_at`) VALUES ('15', '3', '15', 'Magnam autem omnis illo voluptas accusamus placeat. Similique voluptatem repellendus quasi voluptate et eos praesentium. Praesentium qui eum dolorem debitis architecto. Quod facilis sed accusamus et necessitatibus ipsum quibusdam hic.', 'dolorem', 7, NULL, '1983-05-17 15:29:25', '1993-10-01 03:10:23');
INSERT INTO `media` (`id`, `media_type_id`, `users_id`, `body`, `filename`, `size`, `metadata`, `created_at`, `updated_at`) VALUES ('16', '4', '16', 'Quam autem ullam ea non. Recusandae tempore est deserunt eos corporis eligendi nisi nulla. Ea consequuntur repudiandae iure possimus et consequatur ipsam. Ex alias aperiam aut quod ad non fugiat.', 'unde', 8, NULL, '1982-06-13 06:03:33', '2019-01-23 09:31:05');
INSERT INTO `media` (`id`, `media_type_id`, `users_id`, `body`, `filename`, `size`, `metadata`, `created_at`, `updated_at`) VALUES ('17', '1', '17', 'Ut deleniti voluptatem dolor ut sed. Et et omnis expedita quasi. Veniam animi rem non odio.', 'dolorem', 9257004, NULL, '1998-01-13 12:17:59', '2015-03-08 02:55:56');
INSERT INTO `media` (`id`, `media_type_id`, `users_id`, `body`, `filename`, `size`, `metadata`, `created_at`, `updated_at`) VALUES ('18', '2', '18', 'In vel quod blanditiis necessitatibus asperiores. Non omnis aperiam error culpa. Consectetur id unde omnis autem voluptates. Error et incidunt accusamus et sint quisquam assumenda.', 'iste', 791423624, NULL, '2010-09-09 19:46:47', '2008-04-28 11:27:01');
INSERT INTO `media` (`id`, `media_type_id`, `users_id`, `body`, `filename`, `size`, `metadata`, `created_at`, `updated_at`) VALUES ('19', '3', '19', 'Sunt quod adipisci vitae natus aspernatur. Est omnis repellat quo incidunt doloremque. Et aspernatur culpa vel iure sapiente. Officia quasi atque tenetur dolor sunt.', 'ratione', 5, NULL, '2022-11-02 08:02:13', '1981-02-18 20:39:07');
INSERT INTO `media` (`id`, `media_type_id`, `users_id`, `body`, `filename`, `size`, `metadata`, `created_at`, `updated_at`) VALUES ('20', '4', '20', 'Quia pariatur corporis consectetur earum atque est. Cumque et quis quia ullam qui et porro saepe. Distinctio autem velit ex pariatur alias quo assumenda possimus.', 'consequatur', 0, NULL, '1982-05-05 06:47:20', '1978-06-29 13:33:05');
INSERT INTO `media` (`id`, `media_type_id`, `users_id`, `body`, `filename`, `size`, `metadata`, `created_at`, `updated_at`) VALUES ('21', '1', '21', 'Et expedita doloremque est nisi nemo. Ut quia distinctio molestiae qui ea. Dolores quisquam voluptatibus quas inventore qui debitis perspiciatis.', 'veritatis', 41, NULL, '2017-10-13 18:43:15', '1978-09-30 01:04:45');
INSERT INTO `media` (`id`, `media_type_id`, `users_id`, `body`, `filename`, `size`, `metadata`, `created_at`, `updated_at`) VALUES ('22', '2', '22', 'Rerum et nam dignissimos. Debitis reprehenderit sit incidunt eum consequuntur sed quaerat. Dolor consequatur esse est iusto aut. Qui dolorum nisi dolorem dolor. Facilis amet molestiae ad sit aliquid qui.', 'temporibus', 45392, NULL, '2021-01-11 16:17:58', '1999-02-14 10:17:19');
INSERT INTO `media` (`id`, `media_type_id`, `users_id`, `body`, `filename`, `size`, `metadata`, `created_at`, `updated_at`) VALUES ('23', '3', '23', 'Voluptas voluptatum aut nostrum odio quis nihil assumenda. Unde perferendis qui facilis maxime vitae accusamus exercitationem. Optio occaecati atque atque veniam et.', 'aspernatur', 64, NULL, '2016-06-20 19:12:12', '2006-05-02 12:47:36');
INSERT INTO `media` (`id`, `media_type_id`, `users_id`, `body`, `filename`, `size`, `metadata`, `created_at`, `updated_at`) VALUES ('24', '4', '24', 'Dolore enim quod sint autem consequuntur est necessitatibus. Minus tenetur architecto possimus sint itaque ea odio id. Cumque expedita illo deleniti sed non. Iure cumque ut ipsum nulla quam rem eius.', 'quo', 1, NULL, '1974-08-06 03:10:52', '2013-11-02 11:57:16');
INSERT INTO `media` (`id`, `media_type_id`, `users_id`, `body`, `filename`, `size`, `metadata`, `created_at`, `updated_at`) VALUES ('25', '1', '25', 'Et iusto sit dolores beatae aut qui est. Rerum illum et dolores vel ab nobis earum. Ut ipsa a sapiente id quo voluptatibus ullam optio.', 'ea', 64, NULL, '2021-08-30 13:29:51', '1990-12-04 06:57:02');
INSERT INTO `media` (`id`, `media_type_id`, `users_id`, `body`, `filename`, `size`, `metadata`, `created_at`, `updated_at`) VALUES ('26', '2', '26', 'Et labore tempore minima perferendis quis tempora laboriosam. Accusantium repudiandae mollitia expedita tenetur perferendis aut laboriosam. Sunt vel vel rerum aperiam. Distinctio autem et nam quis nemo sunt voluptas.', 'eveniet', 763, NULL, '1978-02-02 17:25:34', '2005-08-20 17:20:18');
INSERT INTO `media` (`id`, `media_type_id`, `users_id`, `body`, `filename`, `size`, `metadata`, `created_at`, `updated_at`) VALUES ('27', '3', '27', 'Nesciunt et expedita sint sequi sequi. Eos itaque nihil veritatis corrupti occaecati eum ducimus. Sit culpa facere suscipit odit saepe.', 'repellendus', 48701431, NULL, '2004-01-06 10:43:31', '2015-02-22 02:24:19');
INSERT INTO `media` (`id`, `media_type_id`, `users_id`, `body`, `filename`, `size`, `metadata`, `created_at`, `updated_at`) VALUES ('28', '4', '28', 'Enim totam labore in est ut ex. Iste similique officiis rem quia. Sed corporis cupiditate eaque.', 'molestiae', 30136599, NULL, '1974-09-01 02:04:00', '2003-08-11 10:13:28');
INSERT INTO `media` (`id`, `media_type_id`, `users_id`, `body`, `filename`, `size`, `metadata`, `created_at`, `updated_at`) VALUES ('29', '1', '29', 'Numquam dolorem doloremque consequuntur iusto id. Et ea et quod non in nihil quaerat. Unde odio ut necessitatibus hic. Praesentium quia asperiores et labore corporis occaecati.', 'libero', 5017161, NULL, '1977-12-17 00:28:20', '2005-11-01 11:36:17');
INSERT INTO `media` (`id`, `media_type_id`, `users_id`, `body`, `filename`, `size`, `metadata`, `created_at`, `updated_at`) VALUES ('30', '2', '30', 'Voluptas ullam perspiciatis reprehenderit ad earum exercitationem. Nobis atque laboriosam non eos et sit voluptatum. Alias et voluptatem quo aut iure similique quisquam.', 'est', 0, NULL, '2009-12-09 06:14:23', '1997-11-13 17:20:38');
INSERT INTO `media` (`id`, `media_type_id`, `users_id`, `body`, `filename`, `size`, `metadata`, `created_at`, `updated_at`) VALUES ('31', '3', '31', 'Officiis cum commodi quidem quae ea. Cumque dolor commodi ea et laboriosam aliquid. Et non praesentium libero rerum veritatis. Eum rerum harum enim voluptate earum.', 'reiciendis', 517700, NULL, '1985-04-14 16:58:38', '1989-06-25 12:13:06');
INSERT INTO `media` (`id`, `media_type_id`, `users_id`, `body`, `filename`, `size`, `metadata`, `created_at`, `updated_at`) VALUES ('32', '4', '32', 'Quidem ratione fugit aut totam velit. Qui debitis totam et aliquid eaque. Voluptatem non unde dolor nihil quaerat.', 'minus', 42, NULL, '2020-04-09 23:01:45', '1980-06-08 14:51:03');
INSERT INTO `media` (`id`, `media_type_id`, `users_id`, `body`, `filename`, `size`, `metadata`, `created_at`, `updated_at`) VALUES ('33', '1', '33', 'Suscipit est reiciendis assumenda ipsam adipisci. Commodi hic ex qui reprehenderit quos nihil. Nostrum eaque recusandae quo impedit dicta nulla enim.', 'sint', 5354, NULL, '2020-03-04 01:37:22', '1979-07-26 04:39:37');
INSERT INTO `media` (`id`, `media_type_id`, `users_id`, `body`, `filename`, `size`, `metadata`, `created_at`, `updated_at`) VALUES ('34', '2', '34', 'Deserunt distinctio earum exercitationem natus reprehenderit. Assumenda minima ut delectus sint molestiae. Dolorem beatae est quia soluta fugit qui. Voluptatem et fugiat odit illum.', 'aliquid', 5, NULL, '2003-04-04 14:13:06', '2004-03-12 05:32:37');
INSERT INTO `media` (`id`, `media_type_id`, `users_id`, `body`, `filename`, `size`, `metadata`, `created_at`, `updated_at`) VALUES ('35', '3', '35', 'Quae dolorum quia quia sapiente sit molestiae et. Harum architecto nulla hic autem. Possimus consequatur esse est provident.', 'architecto', 908000172, NULL, '1975-07-10 18:13:48', '2006-08-21 17:56:48');
INSERT INTO `media` (`id`, `media_type_id`, `users_id`, `body`, `filename`, `size`, `metadata`, `created_at`, `updated_at`) VALUES ('36', '4', '36', 'Error ea molestiae ab quae. Tempora illo velit iure recusandae est ratione quia. Dolorem optio rerum et sint dolorem quo. Voluptatem recusandae excepturi fugit quo quae rerum.', 'aliquam', 58380217, NULL, '1984-08-02 12:44:12', '1989-06-14 17:48:16');
INSERT INTO `media` (`id`, `media_type_id`, `users_id`, `body`, `filename`, `size`, `metadata`, `created_at`, `updated_at`) VALUES ('37', '1', '37', 'Perferendis aperiam maxime sapiente officia et et cum laboriosam. Et tenetur id expedita tempora molestiae.', 'quis', 6221, NULL, '1991-12-14 13:41:44', '2018-09-01 02:45:31');
INSERT INTO `media` (`id`, `media_type_id`, `users_id`, `body`, `filename`, `size`, `metadata`, `created_at`, `updated_at`) VALUES ('38', '2', '38', 'Fugiat pariatur non tenetur quia dolore. Ut suscipit quis dolorem ad doloribus aut nobis. In hic cupiditate hic quibusdam exercitationem. Magni eveniet exercitationem quis qui molestiae eveniet omnis.', 'quidem', 0, NULL, '1986-04-07 10:53:03', '2004-03-10 16:54:14');
INSERT INTO `media` (`id`, `media_type_id`, `users_id`, `body`, `filename`, `size`, `metadata`, `created_at`, `updated_at`) VALUES ('39', '3', '39', 'Similique vel ab velit optio et sint error tempora. Animi totam quos recusandae deserunt doloremque. Vel est hic aut nulla autem. Quasi impedit sed qui sint.', 'architecto', 0, NULL, '1993-12-22 00:35:36', '2010-11-21 06:28:48');
INSERT INTO `media` (`id`, `media_type_id`, `users_id`, `body`, `filename`, `size`, `metadata`, `created_at`, `updated_at`) VALUES ('40', '4', '40', 'Consequatur cum veniam cumque culpa. Voluptates nulla tempora laudantium consequatur minima ut. Eos provident ut architecto ad officia aut.', 'at', 360573, NULL, '2020-10-27 04:11:29', '1971-12-15 22:42:08');
INSERT INTO `media` (`id`, `media_type_id`, `users_id`, `body`, `filename`, `size`, `metadata`, `created_at`, `updated_at`) VALUES ('41', '1', '41', 'Eos eos laboriosam ad minima iusto quisquam. Et quia fugiat commodi sunt. Mollitia id omnis et est.', 'odio', 4125, NULL, '2008-04-11 10:21:21', '1981-05-03 21:58:26');
INSERT INTO `media` (`id`, `media_type_id`, `users_id`, `body`, `filename`, `size`, `metadata`, `created_at`, `updated_at`) VALUES ('42', '2', '42', 'Quia dolore enim vitae odit consequatur hic. Qui cupiditate quia laborum debitis nam assumenda. Aliquam reiciendis tenetur beatae inventore. Fugit beatae quo non rerum aut rerum qui.', 'quia', 2469717, NULL, '1990-01-01 19:10:32', '1977-12-19 01:25:14');
INSERT INTO `media` (`id`, `media_type_id`, `users_id`, `body`, `filename`, `size`, `metadata`, `created_at`, `updated_at`) VALUES ('43', '3', '43', 'Voluptatibus fugiat autem voluptatum dolor voluptates corrupti. Soluta facere qui quae aut eum ullam sunt. Aut laborum est asperiores. Quos voluptas magnam quia et sed aliquam voluptas.', 'omnis', 1911, NULL, '1973-06-24 11:43:23', '1975-11-26 01:56:36');
INSERT INTO `media` (`id`, `media_type_id`, `users_id`, `body`, `filename`, `size`, `metadata`, `created_at`, `updated_at`) VALUES ('44', '4', '44', 'Quia velit similique deleniti eos. Exercitationem adipisci ut sunt qui consequatur odio ab. Velit enim culpa rerum ipsa id corporis.', 'temporibus', 6327, NULL, '1980-01-30 15:37:04', '1994-10-06 13:37:05');
INSERT INTO `media` (`id`, `media_type_id`, `users_id`, `body`, `filename`, `size`, `metadata`, `created_at`, `updated_at`) VALUES ('45', '1', '45', 'Aliquam enim doloribus maiores soluta. Omnis voluptas ut ut vitae voluptas aspernatur rerum. Ratione voluptatem est ut. Et velit provident velit repudiandae voluptatem aliquam.', 'voluptate', 230, NULL, '1996-10-24 07:05:36', '2005-03-14 20:11:16');
INSERT INTO `media` (`id`, `media_type_id`, `users_id`, `body`, `filename`, `size`, `metadata`, `created_at`, `updated_at`) VALUES ('46', '2', '46', 'Quasi eligendi reiciendis vero non libero et temporibus. Aut sed qui non quas consequuntur. Vel aliquid quas autem quibusdam iure occaecati explicabo aut.', 'id', 12, NULL, '1980-09-03 05:31:53', '1970-03-27 01:27:35');
INSERT INTO `media` (`id`, `media_type_id`, `users_id`, `body`, `filename`, `size`, `metadata`, `created_at`, `updated_at`) VALUES ('47', '3', '47', 'Et dolore id aut. Quo praesentium est inventore aut aut. Iusto sed necessitatibus sed et soluta qui.', 'sint', 3270, NULL, '1994-06-17 03:51:49', '1999-05-16 18:11:12');
INSERT INTO `media` (`id`, `media_type_id`, `users_id`, `body`, `filename`, `size`, `metadata`, `created_at`, `updated_at`) VALUES ('48', '4', '48', 'Quae suscipit veritatis ut ut necessitatibus unde. Sint cupiditate excepturi dolorem optio molestiae. Est placeat ratione iusto illo error sequi. Dolorum et et ex ipsum.', 'nihil', 7591, NULL, '2018-07-06 11:30:12', '1980-01-26 00:19:42');
INSERT INTO `media` (`id`, `media_type_id`, `users_id`, `body`, `filename`, `size`, `metadata`, `created_at`, `updated_at`) VALUES ('49', '1', '49', 'Ullam assumenda ab quibusdam et officiis itaque fugit. Similique praesentium autem quos quisquam facilis officiis. Enim ratione nam aliquam. Doloribus et explicabo itaque est veniam corporis. Est necessitatibus voluptatem ipsa veritatis.', 'repellendus', 292947671, NULL, '2000-10-04 17:31:02', '1985-03-14 13:45:52');
INSERT INTO `media` (`id`, `media_type_id`, `users_id`, `body`, `filename`, `size`, `metadata`, `created_at`, `updated_at`) VALUES ('50', '2', '50', 'Est odio nihil corporis ut suscipit doloribus. Et consequatur vel libero et. Quam et assumenda tempora voluptatum voluptas atque quaerat cupiditate.', 'sit', 554, NULL, '1991-03-24 23:28:20', '2010-03-08 21:58:42');
INSERT INTO `media` (`id`, `media_type_id`, `users_id`, `body`, `filename`, `size`, `metadata`, `created_at`, `updated_at`) VALUES ('51', '3', '51', 'Necessitatibus mollitia delectus consectetur cum soluta consequatur veritatis. Delectus laborum qui odio id quo fugiat ea. Aut praesentium sapiente reiciendis consequuntur facilis et.', 'sunt', 21859258, NULL, '2001-09-04 00:58:07', '2012-08-06 10:57:13');
INSERT INTO `media` (`id`, `media_type_id`, `users_id`, `body`, `filename`, `size`, `metadata`, `created_at`, `updated_at`) VALUES ('52', '4', '52', 'Blanditiis dolores et animi et magnam. Similique accusamus rerum hic laudantium. Totam sed voluptatem reiciendis et.', 'sunt', 8076102, NULL, '2005-05-09 01:27:42', '2003-03-17 06:35:19');
INSERT INTO `media` (`id`, `media_type_id`, `users_id`, `body`, `filename`, `size`, `metadata`, `created_at`, `updated_at`) VALUES ('53', '1', '53', 'Necessitatibus nihil optio voluptatem consequuntur omnis ut perspiciatis. Qui illo dolorum rerum quasi aliquam ut nesciunt. Accusamus vel omnis culpa eius. Excepturi rerum eaque accusamus quas quos totam id voluptas.', 'asperiores', 85581, NULL, '1983-04-05 14:04:53', '1994-01-30 04:01:41');
INSERT INTO `media` (`id`, `media_type_id`, `users_id`, `body`, `filename`, `size`, `metadata`, `created_at`, `updated_at`) VALUES ('54', '2', '54', 'Odio velit sed minus enim. Rerum eaque quod eligendi qui impedit est ipsum. Sed optio officia est tenetur nemo veritatis tempora. Odio nesciunt adipisci commodi qui odit amet vitae.', 'nam', 3595, NULL, '2017-03-02 16:45:57', '2003-02-20 00:15:45');
INSERT INTO `media` (`id`, `media_type_id`, `users_id`, `body`, `filename`, `size`, `metadata`, `created_at`, `updated_at`) VALUES ('55', '3', '55', 'Sit id itaque iure libero enim ut est voluptas. Aut vel molestiae ab fuga doloribus adipisci illo. Dolore quisquam nesciunt accusamus.', 'cupiditate', 687554739, NULL, '1983-12-30 07:55:30', '1979-01-04 10:17:19');
INSERT INTO `media` (`id`, `media_type_id`, `users_id`, `body`, `filename`, `size`, `metadata`, `created_at`, `updated_at`) VALUES ('56', '4', '56', 'Et iure officiis praesentium sapiente id at veritatis vel. Ullam explicabo doloribus consequatur cumque ut. Voluptas qui at voluptatem facilis reiciendis ex vitae.', 'illum', 4455, NULL, '1999-08-13 15:48:26', '2020-11-11 20:26:33');
INSERT INTO `media` (`id`, `media_type_id`, `users_id`, `body`, `filename`, `size`, `metadata`, `created_at`, `updated_at`) VALUES ('57', '1', '57', 'Distinctio totam velit et qui laboriosam ducimus. Exercitationem omnis ad illo voluptatibus sint et ipsum. Facilis cumque harum molestiae non.', 'vero', 905494626, NULL, '2021-02-21 02:12:35', '1999-08-11 00:52:34');
INSERT INTO `media` (`id`, `media_type_id`, `users_id`, `body`, `filename`, `size`, `metadata`, `created_at`, `updated_at`) VALUES ('58', '2', '58', 'Explicabo fuga qui et ipsa. Quia non iste quasi quam enim. Quisquam nisi necessitatibus quo quia ratione.', 'earum', 77654050, NULL, '2004-01-14 22:29:38', '1998-09-04 17:54:51');
INSERT INTO `media` (`id`, `media_type_id`, `users_id`, `body`, `filename`, `size`, `metadata`, `created_at`, `updated_at`) VALUES ('59', '3', '59', 'Ea quaerat est neque beatae veritatis et impedit. Nulla quia sequi deleniti sint pariatur recusandae. Voluptate impedit qui officia aperiam possimus facilis.', 'consequatur', 113898, NULL, '2011-10-01 12:31:37', '2017-08-21 21:43:56');
INSERT INTO `media` (`id`, `media_type_id`, `users_id`, `body`, `filename`, `size`, `metadata`, `created_at`, `updated_at`) VALUES ('60', '4', '60', 'Aliquid itaque itaque omnis ut esse. Dicta architecto reprehenderit voluptas. Quibusdam rem et et cum aliquid tenetur sed. Cumque tenetur alias in sunt.', 'aut', 6036, NULL, '2010-07-01 03:31:44', '2003-03-28 03:34:34');
INSERT INTO `media` (`id`, `media_type_id`, `users_id`, `body`, `filename`, `size`, `metadata`, `created_at`, `updated_at`) VALUES ('61', '1', '61', 'Perferendis nemo dolorem consequatur consectetur quisquam. Dolores quibusdam nemo aut corrupti magni occaecati qui. Velit suscipit sit ratione aut impedit magni. Rem deleniti aut ut ullam reiciendis enim.', 'est', 23038, NULL, '1981-01-28 19:22:56', '2009-04-11 06:21:28');
INSERT INTO `media` (`id`, `media_type_id`, `users_id`, `body`, `filename`, `size`, `metadata`, `created_at`, `updated_at`) VALUES ('62', '2', '62', 'Qui fuga possimus qui. Ut voluptatum reiciendis facere illo enim nisi itaque eveniet. Consequatur non est nihil nobis.', 'tenetur', 9374, NULL, '1973-02-19 18:16:31', '1983-08-18 23:36:09');
INSERT INTO `media` (`id`, `media_type_id`, `users_id`, `body`, `filename`, `size`, `metadata`, `created_at`, `updated_at`) VALUES ('63', '3', '63', 'Sunt nisi autem nihil molestiae quia esse. Odit numquam assumenda et ullam eum repellendus consectetur. Eos quod accusamus quia occaecati omnis repudiandae.', 'molestiae', 0, NULL, '1996-09-14 11:16:22', '1976-04-30 12:42:15');
INSERT INTO `media` (`id`, `media_type_id`, `users_id`, `body`, `filename`, `size`, `metadata`, `created_at`, `updated_at`) VALUES ('64', '4', '64', 'Quas debitis officia alias recusandae maiores. Sit in aut iusto nesciunt ratione voluptatem vitae et. Reprehenderit iusto est aspernatur nesciunt temporibus harum. Harum ab corporis consequatur.', 'molestiae', 652068454, NULL, '1970-12-05 05:57:35', '2003-05-17 13:12:55');
INSERT INTO `media` (`id`, `media_type_id`, `users_id`, `body`, `filename`, `size`, `metadata`, `created_at`, `updated_at`) VALUES ('65', '1', '65', 'Aut fuga exercitationem qui quo. Laudantium id illo numquam a repellat rerum enim cupiditate. Est quae pariatur ratione accusamus officia quia dolores rerum.', 'est', 772169, NULL, '1974-06-09 06:07:52', '1984-05-24 18:20:28');
INSERT INTO `media` (`id`, `media_type_id`, `users_id`, `body`, `filename`, `size`, `metadata`, `created_at`, `updated_at`) VALUES ('66', '2', '66', 'Modi aut quibusdam quo officiis sapiente. Quibusdam ut laudantium exercitationem ut reiciendis. Distinctio corporis tenetur quis.', 'a', 84183, NULL, '2022-12-01 10:39:24', '1996-07-03 06:34:27');
INSERT INTO `media` (`id`, `media_type_id`, `users_id`, `body`, `filename`, `size`, `metadata`, `created_at`, `updated_at`) VALUES ('67', '3', '67', 'Voluptatum dolores et dicta et consequatur unde et. Minus voluptas nulla sed quia. Velit quia rem praesentium qui officiis accusamus inventore tempora. Ipsum corrupti et dolores voluptas voluptas similique.', 'et', 90182, NULL, '1995-12-03 02:44:32', '2016-03-14 15:12:54');
INSERT INTO `media` (`id`, `media_type_id`, `users_id`, `body`, `filename`, `size`, `metadata`, `created_at`, `updated_at`) VALUES ('68', '4', '68', 'Eveniet voluptatum minima et possimus vel. Voluptates quis veniam cum beatae consequatur dolores ut. Eligendi dolores voluptatum officiis hic et temporibus. Incidunt soluta sed commodi veniam asperiores.', 'dolore', 7155265, NULL, '1985-03-04 09:57:34', '1989-04-10 04:53:34');
INSERT INTO `media` (`id`, `media_type_id`, `users_id`, `body`, `filename`, `size`, `metadata`, `created_at`, `updated_at`) VALUES ('69', '1', '69', 'Qui aut nihil asperiores incidunt quis. Cum suscipit modi quae et asperiores ab. Ut mollitia eveniet consequatur et recusandae rem.', 'temporibus', 6, NULL, '2010-08-30 10:39:28', '2017-04-14 01:37:35');
INSERT INTO `media` (`id`, `media_type_id`, `users_id`, `body`, `filename`, `size`, `metadata`, `created_at`, `updated_at`) VALUES ('70', '2', '70', 'Ut quia voluptatem ut consequatur laboriosam numquam doloremque. Quo alias voluptatibus quaerat ut. Aut rem est consectetur architecto eveniet ea. Quia voluptate voluptatem voluptas voluptatem ullam vel est non.', 'nesciunt', 338425954, NULL, '1976-05-05 03:20:46', '1978-07-20 06:06:55');
INSERT INTO `media` (`id`, `media_type_id`, `users_id`, `body`, `filename`, `size`, `metadata`, `created_at`, `updated_at`) VALUES ('71', '3', '71', 'Ex et tempore odit veritatis qui sunt architecto. Est eos deserunt ut.', 'ex', 0, NULL, '1985-04-10 06:54:07', '2018-04-04 07:54:58');
INSERT INTO `media` (`id`, `media_type_id`, `users_id`, `body`, `filename`, `size`, `metadata`, `created_at`, `updated_at`) VALUES ('72', '4', '72', 'Culpa ipsum esse aut repellat pariatur in. Voluptatem eum voluptas ut maiores id qui. Id id molestiae facilis.', 'ad', 449817, NULL, '2021-10-09 19:27:56', '2016-12-31 05:44:16');
INSERT INTO `media` (`id`, `media_type_id`, `users_id`, `body`, `filename`, `size`, `metadata`, `created_at`, `updated_at`) VALUES ('73', '1', '73', 'Deserunt sapiente quos velit aut nulla. Impedit voluptas nemo enim distinctio reprehenderit veritatis. Maxime dolores nihil ducimus voluptatem enim ad non sint.', 'at', 80958444, NULL, '1989-01-30 17:34:49', '1984-12-16 13:36:46');
INSERT INTO `media` (`id`, `media_type_id`, `users_id`, `body`, `filename`, `size`, `metadata`, `created_at`, `updated_at`) VALUES ('74', '2', '74', 'Sed magnam corporis distinctio sed. Autem ab tempore perferendis eum dolorum illum consequatur nisi. Consectetur suscipit placeat mollitia at est et facilis.', 'totam', 86412, NULL, '2015-03-08 16:15:14', '2018-08-31 14:11:49');
INSERT INTO `media` (`id`, `media_type_id`, `users_id`, `body`, `filename`, `size`, `metadata`, `created_at`, `updated_at`) VALUES ('75', '3', '75', 'Ut pariatur vel et necessitatibus. Placeat asperiores nihil officia unde. Unde optio sed tenetur voluptatem. Tempora ea vel soluta odio.', 'itaque', 667088559, NULL, '1975-02-24 03:36:21', '2011-08-12 16:56:31');
INSERT INTO `media` (`id`, `media_type_id`, `users_id`, `body`, `filename`, `size`, `metadata`, `created_at`, `updated_at`) VALUES ('76', '4', '76', 'Error voluptatem perferendis deserunt nobis. Perferendis vitae fuga quibusdam reiciendis. Et est et qui aut.', 'unde', 1, NULL, '1990-08-23 23:47:26', '1985-08-02 20:25:52');
INSERT INTO `media` (`id`, `media_type_id`, `users_id`, `body`, `filename`, `size`, `metadata`, `created_at`, `updated_at`) VALUES ('77', '1', '77', 'Voluptatem esse omnis repudiandae et ut. Distinctio error quia voluptas iusto porro. Assumenda totam natus rerum consequuntur. Eos quos iusto quaerat delectus unde. Suscipit perspiciatis ut molestiae.', 'voluptas', 9489, NULL, '1998-08-17 09:24:07', '1998-02-18 18:54:07');
INSERT INTO `media` (`id`, `media_type_id`, `users_id`, `body`, `filename`, `size`, `metadata`, `created_at`, `updated_at`) VALUES ('78', '2', '78', 'Amet eaque impedit natus numquam aspernatur mollitia. Iste facere quis repellendus pariatur itaque sunt. Ipsam enim ducimus quasi asperiores enim accusantium. Pariatur et totam ipsa in laborum dolor.', 'perspiciatis', 5725, NULL, '2009-02-28 01:34:47', '2022-04-19 07:48:46');
INSERT INTO `media` (`id`, `media_type_id`, `users_id`, `body`, `filename`, `size`, `metadata`, `created_at`, `updated_at`) VALUES ('79', '3', '79', 'Nulla maxime aut provident odit. Id laudantium voluptas sed quia odit libero qui. Quaerat maxime quisquam sapiente aut quasi assumenda.', 'quis', 766, NULL, '1981-03-07 20:23:13', '2003-12-17 19:50:35');
INSERT INTO `media` (`id`, `media_type_id`, `users_id`, `body`, `filename`, `size`, `metadata`, `created_at`, `updated_at`) VALUES ('80', '4', '80', 'Magnam numquam quasi veritatis distinctio. Dicta ducimus quia at eaque minus architecto. Voluptates velit aperiam adipisci asperiores voluptas quasi. Officia recusandae voluptas autem labore officiis repellendus beatae.', 'laboriosam', 262649, NULL, '2014-02-05 21:20:26', '1997-04-10 06:26:56');
INSERT INTO `media` (`id`, `media_type_id`, `users_id`, `body`, `filename`, `size`, `metadata`, `created_at`, `updated_at`) VALUES ('81', '1', '81', 'Qui qui nobis impedit dolore qui dolorum nostrum. Velit eaque quod aut et perspiciatis sequi accusamus facilis. Dolores possimus quisquam nihil voluptas.', 'quis', 1, NULL, '2021-05-25 13:13:30', '1999-02-09 15:35:48');
INSERT INTO `media` (`id`, `media_type_id`, `users_id`, `body`, `filename`, `size`, `metadata`, `created_at`, `updated_at`) VALUES ('82', '2', '82', 'Atque sed tempore eligendi. Facere ea dolorum molestiae vitae consectetur non omnis. Qui sint eos reiciendis laborum dolorum nobis illum autem.', 'voluptatem', 49778529, NULL, '1995-02-07 06:12:23', '2018-03-29 22:55:05');
INSERT INTO `media` (`id`, `media_type_id`, `users_id`, `body`, `filename`, `size`, `metadata`, `created_at`, `updated_at`) VALUES ('83', '3', '83', 'Autem vitae aliquam ea accusantium impedit. Dolorem quia dolores delectus. Libero rerum cum eveniet tempora. Ex laboriosam ut optio temporibus fuga unde.', 'sapiente', 903633216, NULL, '1994-04-29 07:33:11', '1983-05-16 16:21:38');
INSERT INTO `media` (`id`, `media_type_id`, `users_id`, `body`, `filename`, `size`, `metadata`, `created_at`, `updated_at`) VALUES ('84', '4', '84', 'Doloremque hic dignissimos dignissimos et dolorem. Quas quae fuga totam quia. Cupiditate beatae voluptatem fugit nisi nihil quaerat est.', 'harum', 0, NULL, '1998-05-12 16:45:23', '1978-04-15 06:37:32');
INSERT INTO `media` (`id`, `media_type_id`, `users_id`, `body`, `filename`, `size`, `metadata`, `created_at`, `updated_at`) VALUES ('85', '1', '85', 'Autem consequatur et qui vitae maiores eaque quis. Pariatur repudiandae consequatur quas qui.', 'molestias', 768, NULL, '2019-02-26 06:05:26', '1981-11-07 00:49:46');
INSERT INTO `media` (`id`, `media_type_id`, `users_id`, `body`, `filename`, `size`, `metadata`, `created_at`, `updated_at`) VALUES ('86', '2', '86', 'Ab vel qui sed qui ut. Qui vitae aut velit eos. Praesentium et in est consectetur ut qui. Non sit iusto dolor aperiam sed.', 'laudantium', 992, NULL, '1998-07-26 20:19:10', '2018-03-31 05:43:33');
INSERT INTO `media` (`id`, `media_type_id`, `users_id`, `body`, `filename`, `size`, `metadata`, `created_at`, `updated_at`) VALUES ('87', '3', '87', 'Animi hic deleniti reiciendis modi. Natus nam non nihil in. Vitae dolor quasi maiores voluptatem ut animi.', 'mollitia', 4920, NULL, '2004-12-29 14:04:53', '2003-02-03 22:08:56');
INSERT INTO `media` (`id`, `media_type_id`, `users_id`, `body`, `filename`, `size`, `metadata`, `created_at`, `updated_at`) VALUES ('88', '4', '88', 'Quod voluptas nam et voluptas quia quasi necessitatibus. Et expedita asperiores sint. Blanditiis et aspernatur velit.', 'quo', 2, NULL, '1987-01-13 09:20:56', '1999-05-26 05:34:35');
INSERT INTO `media` (`id`, `media_type_id`, `users_id`, `body`, `filename`, `size`, `metadata`, `created_at`, `updated_at`) VALUES ('89', '1', '89', 'Quia et inventore quis dicta accusamus accusantium quas vitae. Voluptatem voluptas ut beatae rerum.', 'mollitia', 0, NULL, '2017-12-16 07:21:26', '1985-10-24 18:40:26');
INSERT INTO `media` (`id`, `media_type_id`, `users_id`, `body`, `filename`, `size`, `metadata`, `created_at`, `updated_at`) VALUES ('90', '2', '90', 'Ipsa sapiente excepturi quibusdam dignissimos alias. Fuga numquam quia doloremque ut recusandae delectus. Nihil quia iste provident perferendis est.', 'eveniet', 27, NULL, '2014-03-12 17:35:09', '1986-09-06 15:56:16');
INSERT INTO `media` (`id`, `media_type_id`, `users_id`, `body`, `filename`, `size`, `metadata`, `created_at`, `updated_at`) VALUES ('91', '3', '91', 'Voluptates consectetur voluptatibus nihil et. Quisquam sint nesciunt praesentium maxime provident fuga temporibus libero. Quod perspiciatis veritatis sunt doloremque voluptatem. Provident nobis quia quisquam. Quaerat quia dolorem deserunt doloremque.', 'et', 1, NULL, '1985-06-27 01:02:32', '2003-09-18 22:24:25');
INSERT INTO `media` (`id`, `media_type_id`, `users_id`, `body`, `filename`, `size`, `metadata`, `created_at`, `updated_at`) VALUES ('92', '4', '92', 'A at voluptatem qui et sunt voluptas. Ratione nihil nobis fuga cupiditate libero illo vel dolor. Laborum sunt adipisci nemo ratione delectus at. Expedita sint eos quae fugit qui porro.', 'dolor', 0, NULL, '1987-10-22 17:55:01', '1997-09-25 00:21:24');
INSERT INTO `media` (`id`, `media_type_id`, `users_id`, `body`, `filename`, `size`, `metadata`, `created_at`, `updated_at`) VALUES ('93', '1', '93', 'Ut eos nam deleniti nisi vel doloribus. Rerum dolorem cupiditate adipisci laudantium. Est eum sed voluptatem cumque alias. Error temporibus consequatur vitae dolorem dignissimos provident quod. Autem magnam vel iste saepe assumenda.', 'laudantium', 397712, NULL, '2003-10-26 09:55:10', '2021-02-03 20:06:37');
INSERT INTO `media` (`id`, `media_type_id`, `users_id`, `body`, `filename`, `size`, `metadata`, `created_at`, `updated_at`) VALUES ('94', '2', '94', 'Sapiente soluta minus ea dolores et enim vitae. Aliquid fuga adipisci quod et non. Reiciendis voluptatem exercitationem labore labore reprehenderit possimus laboriosam in.', 'error', 508010070, NULL, '1998-01-10 13:12:17', '2006-06-02 13:06:48');
INSERT INTO `media` (`id`, `media_type_id`, `users_id`, `body`, `filename`, `size`, `metadata`, `created_at`, `updated_at`) VALUES ('95', '3', '95', 'Sit temporibus magnam quaerat ut sunt. Repellat dolore voluptas optio pariatur. Culpa doloribus quo et voluptatem saepe.', 'ea', 0, NULL, '1974-05-11 13:14:44', '2022-03-12 05:12:21');
INSERT INTO `media` (`id`, `media_type_id`, `users_id`, `body`, `filename`, `size`, `metadata`, `created_at`, `updated_at`) VALUES ('96', '4', '96', 'Possimus odio quo quos officia numquam ut reiciendis. Atque quidem recusandae iure distinctio culpa laboriosam. Deserunt quibusdam dolores est possimus et. Non omnis omnis ipsa blanditiis ducimus quaerat.', 'aut', 516565, NULL, '2015-09-29 01:08:24', '1978-04-13 15:47:46');
INSERT INTO `media` (`id`, `media_type_id`, `users_id`, `body`, `filename`, `size`, `metadata`, `created_at`, `updated_at`) VALUES ('97', '1', '97', 'Sunt saepe omnis qui qui ad laudantium enim dolores. Quia sint temporibus dignissimos qui. Voluptatum deserunt omnis sed pariatur quas. Ipsum qui modi explicabo quos sint totam et occaecati.', 'praesentium', 0, NULL, '2019-01-15 12:32:38', '1980-10-12 00:28:55');
INSERT INTO `media` (`id`, `media_type_id`, `users_id`, `body`, `filename`, `size`, `metadata`, `created_at`, `updated_at`) VALUES ('98', '2', '98', 'Non pariatur voluptatum reiciendis enim repellat corporis quaerat harum. Qui et ratione et architecto ut in. Incidunt at nobis asperiores quia rerum autem quas in. Cupiditate molestiae quisquam eligendi eaque quaerat excepturi.', 'consequatur', 1932686, NULL, '1973-01-02 09:32:58', '1986-11-05 19:31:01');
INSERT INTO `media` (`id`, `media_type_id`, `users_id`, `body`, `filename`, `size`, `metadata`, `created_at`, `updated_at`) VALUES ('99', '3', '99', 'Ut sapiente ut aut dicta. Libero dolores odit itaque corrupti. Voluptatem doloremque voluptas rem et blanditiis accusamus. Nostrum dolor est autem voluptatem exercitationem qui.', 'non', 402, NULL, '2018-12-22 22:24:35', '1996-10-24 14:15:13');
INSERT INTO `media` (`id`, `media_type_id`, `users_id`, `body`, `filename`, `size`, `metadata`, `created_at`, `updated_at`) VALUES ('100', '4', '100', 'Corporis eos nobis ratione voluptatem dignissimos. Facilis cumque dolores laudantium quae minima.', 'illo', 376788, NULL, '2005-09-06 10:01:36', '1997-05-31 10:54:23');


#
# TABLE STRUCTURE FOR: media_types
#

DROP TABLE IF EXISTS `media_types`;

CREATE TABLE `media_types` (
  `id` bigint(20) unsigned NOT NULL AUTO_INCREMENT,
  `name` varchar(255) COLLATE utf8mb4_unicode_ci DEFAULT NULL,
  `created_at` datetime DEFAULT current_timestamp(),
  `updated_at` datetime DEFAULT current_timestamp() ON UPDATE current_timestamp(),
  PRIMARY KEY (`id`)
) ENGINE=InnoDB AUTO_INCREMENT=5 DEFAULT CHARSET=utf8mb4 COLLATE=utf8mb4_unicode_ci;

INSERT INTO `media_types` (`id`, `name`, `created_at`, `updated_at`) VALUES ('1', 'voluptate', '1978-01-14 15:22:52', '1989-01-27 08:38:44');
INSERT INTO `media_types` (`id`, `name`, `created_at`, `updated_at`) VALUES ('2', 'voluptatem', '2001-08-17 03:11:00', '2004-02-26 13:39:56');
INSERT INTO `media_types` (`id`, `name`, `created_at`, `updated_at`) VALUES ('3', 'aut', '2009-07-09 01:19:43', '1978-11-06 23:28:47');
INSERT INTO `media_types` (`id`, `name`, `created_at`, `updated_at`) VALUES ('4', 'tempora', '1977-09-03 09:21:55', '1983-12-21 08:21:28');


#
# TABLE STRUCTURE FOR: messages
#

DROP TABLE IF EXISTS `messages`;

CREATE TABLE `messages` (
  `id` bigint(20) unsigned NOT NULL AUTO_INCREMENT,
  `from_users_id` bigint(20) unsigned NOT NULL,
  `to_users_id` bigint(20) unsigned NOT NULL,
  `body` text COLLATE utf8mb4_unicode_ci DEFAULT NULL,
  `created_at` datetime DEFAULT current_timestamp(),
  PRIMARY KEY (`id`),
  KEY `from_users_id` (`from_users_id`),
  KEY `to_users_id` (`to_users_id`),
  CONSTRAINT `messages_ibfk_1` FOREIGN KEY (`from_users_id`) REFERENCES `users` (`id`) ON DELETE CASCADE ON UPDATE CASCADE,
  CONSTRAINT `messages_ibfk_2` FOREIGN KEY (`to_users_id`) REFERENCES `users` (`id`) ON DELETE CASCADE ON UPDATE CASCADE
) ENGINE=InnoDB AUTO_INCREMENT=101 DEFAULT CHARSET=utf8mb4 COLLATE=utf8mb4_unicode_ci;

INSERT INTO `messages` (`id`, `from_users_id`, `to_users_id`, `body`, `created_at`) VALUES ('1', '1', '1', 'Quia maxime aut commodi rerum et similique iusto. Officia alias error quia ut maiores. Et autem eligendi nostrum voluptas iusto occaecati. Mollitia consequatur maiores est nobis provident veniam nihil.', '2016-03-26 09:35:27');
INSERT INTO `messages` (`id`, `from_users_id`, `to_users_id`, `body`, `created_at`) VALUES ('2', '2', '2', 'Aliquam ipsum sed enim veniam et dolor sed. Odit nobis non quidem et et assumenda. Sit non ut et nulla.', '2002-10-23 17:33:53');
INSERT INTO `messages` (`id`, `from_users_id`, `to_users_id`, `body`, `created_at`) VALUES ('3', '3', '3', 'Quos adipisci maxime aliquam temporibus similique aut. Est quia culpa ut culpa dicta. Et recusandae tenetur adipisci officia. Sit cumque numquam enim temporibus velit tempore voluptates.', '1988-02-29 12:23:41');
INSERT INTO `messages` (`id`, `from_users_id`, `to_users_id`, `body`, `created_at`) VALUES ('4', '4', '4', 'Et autem aspernatur aut aspernatur et fuga porro. Modi vero pariatur nisi ullam assumenda omnis. Aut autem possimus aut ut ut aut nesciunt. Est rerum sit est temporibus dicta aliquam voluptatibus maxime.', '1988-09-15 04:04:29');
INSERT INTO `messages` (`id`, `from_users_id`, `to_users_id`, `body`, `created_at`) VALUES ('5', '5', '5', 'Excepturi odio vero quo. Quas rerum corporis est sint occaecati rerum. Consequatur praesentium eius iure odio a voluptas sapiente.', '1971-02-08 19:46:39');
INSERT INTO `messages` (`id`, `from_users_id`, `to_users_id`, `body`, `created_at`) VALUES ('6', '6', '6', 'Et nisi omnis qui rerum voluptas unde sit et. Esse aut dolorem sint et. Tenetur odio sint veniam voluptatibus. Et nisi provident et quasi.', '2016-11-28 16:58:29');
INSERT INTO `messages` (`id`, `from_users_id`, `to_users_id`, `body`, `created_at`) VALUES ('7', '7', '7', 'Dolor pariatur quas dolores id quia perspiciatis quo omnis. Qui a rerum doloremque voluptatem praesentium et. Dolores provident voluptas unde.', '2007-09-23 09:09:56');
INSERT INTO `messages` (`id`, `from_users_id`, `to_users_id`, `body`, `created_at`) VALUES ('8', '8', '8', 'Non provident molestias qui qui. Explicabo repudiandae similique ea molestiae dolore ullam.', '2018-02-08 19:31:40');
INSERT INTO `messages` (`id`, `from_users_id`, `to_users_id`, `body`, `created_at`) VALUES ('9', '9', '9', 'Temporibus similique sed ut vel. Commodi dolores ad labore vel dolor doloribus velit. Id illo enim sint. Voluptatem omnis quos quam veritatis officiis quia.', '1983-08-01 00:54:34');
INSERT INTO `messages` (`id`, `from_users_id`, `to_users_id`, `body`, `created_at`) VALUES ('10', '10', '10', 'Debitis voluptatum maiores enim et vero est minima. Doloremque mollitia sequi omnis autem nisi nulla. Modi aspernatur sed aliquid dolor magni molestias voluptas repellendus. Mollitia quas ipsam dolor ipsam.', '1971-07-19 04:20:59');
INSERT INTO `messages` (`id`, `from_users_id`, `to_users_id`, `body`, `created_at`) VALUES ('11', '11', '11', 'Debitis asperiores alias architecto aut et ut quia qui. Est illo est dolores repudiandae accusantium odit distinctio. Voluptatem rerum magnam tempora qui cum qui omnis veritatis. Enim consectetur est nemo et deleniti ut hic.', '2002-09-16 08:29:57');
INSERT INTO `messages` (`id`, `from_users_id`, `to_users_id`, `body`, `created_at`) VALUES ('12', '12', '12', 'Quis et dolor accusamus ut. Aut ullam est similique et assumenda qui voluptates earum. Sit sint laboriosam ratione fugit suscipit neque similique ut.', '2004-10-01 18:49:19');
INSERT INTO `messages` (`id`, `from_users_id`, `to_users_id`, `body`, `created_at`) VALUES ('13', '13', '13', 'Repellendus sint nihil doloribus ex sed in. Accusamus quia accusamus beatae veritatis porro quo. Iure hic illo esse perferendis.', '2014-06-17 13:02:21');
INSERT INTO `messages` (`id`, `from_users_id`, `to_users_id`, `body`, `created_at`) VALUES ('14', '14', '14', 'Voluptas ad quaerat ullam fugit quibusdam nostrum velit. Voluptatem voluptate a adipisci dignissimos ex debitis aperiam. Nobis perferendis ab velit nisi distinctio aut.', '1994-08-14 12:03:33');
INSERT INTO `messages` (`id`, `from_users_id`, `to_users_id`, `body`, `created_at`) VALUES ('15', '15', '15', 'Et et voluptatem et nihil et non fugiat. Cum maiores nemo sit. Enim sed voluptatem facilis qui. Recusandae non doloribus distinctio eum iusto qui.', '1995-08-12 08:10:21');
INSERT INTO `messages` (`id`, `from_users_id`, `to_users_id`, `body`, `created_at`) VALUES ('16', '16', '16', 'Rerum sed ea aut sit. Fugit dolores sed quos unde laborum. Ea voluptatem et doloribus eligendi ipsum nisi ut consectetur. Perspiciatis excepturi velit voluptatem ut excepturi.', '1978-10-26 08:44:31');
INSERT INTO `messages` (`id`, `from_users_id`, `to_users_id`, `body`, `created_at`) VALUES ('17', '17', '17', 'Esse sed voluptates doloribus quisquam vitae alias qui. Saepe nemo in aliquam qui sunt illum ut. Dignissimos rerum voluptate nihil doloremque corporis tempore.', '1977-07-29 20:09:14');
INSERT INTO `messages` (`id`, `from_users_id`, `to_users_id`, `body`, `created_at`) VALUES ('18', '18', '18', 'Rerum est vero ratione et et. Aut dolorem repudiandae voluptate incidunt fugiat sit fugit exercitationem. Officia et suscipit quaerat totam delectus debitis. Ipsa ex saepe repellat harum possimus iste.', '1985-11-18 16:35:49');
INSERT INTO `messages` (`id`, `from_users_id`, `to_users_id`, `body`, `created_at`) VALUES ('19', '19', '19', 'Sequi iste nulla enim quidem. Quos error ipsam ut a error velit. Magni rerum perferendis natus optio atque labore. Est earum ea dignissimos qui in.', '1973-11-22 06:40:17');
INSERT INTO `messages` (`id`, `from_users_id`, `to_users_id`, `body`, `created_at`) VALUES ('20', '20', '20', 'Non quo deserunt et est sed rerum ut. Tempore est non ab et omnis. Assumenda ut et natus. Quis provident aut quo ut et.', '2012-12-20 12:37:05');
INSERT INTO `messages` (`id`, `from_users_id`, `to_users_id`, `body`, `created_at`) VALUES ('21', '21', '21', 'Qui quo maiores autem dolor unde harum ducimus. Odio sequi quam consequuntur vel quis accusantium veniam quaerat. Porro enim quia itaque quo praesentium impedit sit. Reprehenderit possimus consequatur illo consequatur culpa expedita.', '1999-06-26 07:57:43');
INSERT INTO `messages` (`id`, `from_users_id`, `to_users_id`, `body`, `created_at`) VALUES ('22', '22', '22', 'Sint dolorum optio nulla occaecati. Reprehenderit hic cum possimus voluptatem. Sunt dignissimos molestiae aperiam qui. Ab aliquam nostrum ipsum atque laudantium.', '1983-04-09 12:52:18');
INSERT INTO `messages` (`id`, `from_users_id`, `to_users_id`, `body`, `created_at`) VALUES ('23', '23', '23', 'Vitae voluptatem architecto enim natus corrupti culpa et. Distinctio voluptatem ab sit maxime. Quibusdam et quas accusantium qui. Eius id velit quis officia. Quo ea dolores cumque non dolorem ipsa.', '2017-02-06 18:37:51');
INSERT INTO `messages` (`id`, `from_users_id`, `to_users_id`, `body`, `created_at`) VALUES ('24', '24', '24', 'Similique aliquid aliquid ut qui omnis. Culpa qui quis libero tempora rem. Similique hic voluptatem optio labore et vel.', '1996-07-07 12:26:40');
INSERT INTO `messages` (`id`, `from_users_id`, `to_users_id`, `body`, `created_at`) VALUES ('25', '25', '25', 'Quidem impedit qui et velit excepturi aut. Reprehenderit ullam voluptatem non repellat veritatis. Facilis similique animi vel eveniet aut est.', '1986-04-23 09:05:58');
INSERT INTO `messages` (`id`, `from_users_id`, `to_users_id`, `body`, `created_at`) VALUES ('26', '26', '26', 'Tempore est quia sunt id nesciunt. Non rem omnis itaque nulla. Quos ab quisquam quod dolor minima occaecati ipsum.', '2018-05-10 22:29:23');
INSERT INTO `messages` (`id`, `from_users_id`, `to_users_id`, `body`, `created_at`) VALUES ('27', '27', '27', 'Rem eligendi expedita illum ut numquam unde. Minus nisi laboriosam explicabo nihil beatae veritatis consequatur. Culpa voluptas nam impedit sed rem magni.', '1973-02-19 15:05:06');
INSERT INTO `messages` (`id`, `from_users_id`, `to_users_id`, `body`, `created_at`) VALUES ('28', '28', '28', 'Ullam fuga tempore deserunt odit necessitatibus. Accusantium dolorem omnis fugit est est perspiciatis cum beatae. Ut et ipsum quisquam qui quasi itaque. Mollitia soluta pariatur quisquam sed officiis.', '1971-03-28 21:54:05');
INSERT INTO `messages` (`id`, `from_users_id`, `to_users_id`, `body`, `created_at`) VALUES ('29', '29', '29', 'Dolores sunt commodi est laborum voluptatibus accusamus. Minus amet numquam ut et. Atque inventore dignissimos maiores quo. Ipsam qui ipsum rerum. Qui sequi voluptate architecto aut et asperiores.', '1986-06-18 08:19:08');
INSERT INTO `messages` (`id`, `from_users_id`, `to_users_id`, `body`, `created_at`) VALUES ('30', '30', '30', 'Sit optio ut reiciendis harum saepe et magni. Distinctio sapiente praesentium aut officiis laudantium voluptate. Fuga itaque velit numquam voluptas est earum cumque.', '2010-08-07 03:02:04');
INSERT INTO `messages` (`id`, `from_users_id`, `to_users_id`, `body`, `created_at`) VALUES ('31', '31', '31', 'Inventore nesciunt omnis non maiores repudiandae. Ut assumenda sit earum eos blanditiis minus reprehenderit. Culpa necessitatibus deleniti aperiam sequi eius eaque incidunt veniam.', '2012-08-02 01:33:46');
INSERT INTO `messages` (`id`, `from_users_id`, `to_users_id`, `body`, `created_at`) VALUES ('32', '32', '32', 'Enim aperiam ducimus ullam porro. Minus sunt voluptatem velit ratione atque accusantium. Accusamus aut recusandae voluptatem non nobis harum. Neque cum et itaque saepe sint aliquid rem ab.', '1976-01-29 14:03:18');
INSERT INTO `messages` (`id`, `from_users_id`, `to_users_id`, `body`, `created_at`) VALUES ('33', '33', '33', 'Officia delectus labore voluptatum sit. Consequatur autem eos et culpa non. Dicta consequatur similique eum laudantium vitae rerum magni.', '1985-01-13 00:21:42');
INSERT INTO `messages` (`id`, `from_users_id`, `to_users_id`, `body`, `created_at`) VALUES ('34', '34', '34', 'Occaecati vel nam quod eum. Consequatur quis dolorum quia ut. Dicta modi enim voluptatem maxime.', '1982-11-01 19:17:44');
INSERT INTO `messages` (`id`, `from_users_id`, `to_users_id`, `body`, `created_at`) VALUES ('35', '35', '35', 'Mollitia sed cupiditate dolorem consectetur. Praesentium consequatur unde esse eum placeat. Aliquam perferendis labore officiis libero voluptatem doloribus. Voluptatem nobis omnis cumque molestiae.', '1982-05-23 03:04:32');
INSERT INTO `messages` (`id`, `from_users_id`, `to_users_id`, `body`, `created_at`) VALUES ('36', '36', '36', 'Mollitia voluptate modi ut est aut est veniam. Accusamus aut ratione doloremque dolorem aut ipsam ad voluptas. Molestiae ullam sit animi similique officiis. Atque velit corporis voluptatem eos ipsam.', '1994-08-12 22:49:10');
INSERT INTO `messages` (`id`, `from_users_id`, `to_users_id`, `body`, `created_at`) VALUES ('37', '37', '37', 'Error soluta minima consequatur assumenda minus rerum. Sapiente quia ut perferendis nihil quia. Vero dolorum quidem id nobis sunt similique.', '1999-03-29 03:12:39');
INSERT INTO `messages` (`id`, `from_users_id`, `to_users_id`, `body`, `created_at`) VALUES ('38', '38', '38', 'Officia ab minima in nam sunt. Quasi vel ipsum maiores sunt fugit. Maxime ut alias quia maiores voluptate sit qui veniam. Aperiam odio consectetur qui in.', '2014-09-25 21:29:18');
INSERT INTO `messages` (`id`, `from_users_id`, `to_users_id`, `body`, `created_at`) VALUES ('39', '39', '39', 'Est adipisci quo dignissimos dolorem quis distinctio debitis. Sit consequatur ad qui enim tenetur eveniet perferendis porro.', '1976-12-06 18:40:05');
INSERT INTO `messages` (`id`, `from_users_id`, `to_users_id`, `body`, `created_at`) VALUES ('40', '40', '40', 'Eligendi aut dolor nisi enim. Illo error atque earum rerum incidunt animi. In harum est aliquid quae molestias voluptates.', '2021-08-20 16:18:04');
INSERT INTO `messages` (`id`, `from_users_id`, `to_users_id`, `body`, `created_at`) VALUES ('41', '41', '41', 'Iure optio corrupti qui vitae ipsa. Praesentium in aut veniam numquam possimus sint. Aliquam amet rerum sit amet nostrum dolor expedita.', '2017-06-05 03:45:19');
INSERT INTO `messages` (`id`, `from_users_id`, `to_users_id`, `body`, `created_at`) VALUES ('42', '42', '42', 'Consectetur est veritatis nihil assumenda laborum. Iste ipsum eum sapiente id. Velit adipisci reprehenderit consequatur repudiandae. Dolores quo recusandae corporis est at alias veritatis.', '1980-10-06 12:22:03');
INSERT INTO `messages` (`id`, `from_users_id`, `to_users_id`, `body`, `created_at`) VALUES ('43', '43', '43', 'Reiciendis voluptatem id est labore vel. Eligendi tempore ipsum assumenda reiciendis. Neque omnis pariatur ducimus nemo dicta id facilis. Et placeat aut nulla quae ut. Inventore laboriosam incidunt laudantium sed adipisci.', '2017-10-19 14:57:48');
INSERT INTO `messages` (`id`, `from_users_id`, `to_users_id`, `body`, `created_at`) VALUES ('44', '44', '44', 'Dolores et doloremque quas iusto quis in. Eveniet quae quo sint. Odit architecto et autem in quas quibusdam perspiciatis. Occaecati ad assumenda quis nemo enim velit.', '1980-04-17 00:25:39');
INSERT INTO `messages` (`id`, `from_users_id`, `to_users_id`, `body`, `created_at`) VALUES ('45', '45', '45', 'Illo sint quibusdam corrupti voluptatum laborum. Autem et labore placeat voluptatum. Aut ratione provident cum voluptas perferendis. Molestiae est nostrum ipsum qui ipsum voluptatem ipsum.', '2011-07-25 09:31:25');
INSERT INTO `messages` (`id`, `from_users_id`, `to_users_id`, `body`, `created_at`) VALUES ('46', '46', '46', 'Distinctio non at unde dolorem. Eum maiores iusto et deserunt aliquid quo. Sit deleniti explicabo et qui quam quam molestias.', '2019-05-16 07:34:40');
INSERT INTO `messages` (`id`, `from_users_id`, `to_users_id`, `body`, `created_at`) VALUES ('47', '47', '47', 'Ipsam voluptatem rerum eaque est alias omnis corrupti. Aut facere laboriosam ratione excepturi fuga. Beatae explicabo amet ut dolore aut reprehenderit minus. Repellendus exercitationem aut laborum est iste laborum in suscipit.', '2022-06-06 15:54:58');
INSERT INTO `messages` (`id`, `from_users_id`, `to_users_id`, `body`, `created_at`) VALUES ('48', '48', '48', 'Maiores nemo non quibusdam quam. Inventore quisquam atque iusto animi voluptatem natus.', '1983-03-09 03:03:15');
INSERT INTO `messages` (`id`, `from_users_id`, `to_users_id`, `body`, `created_at`) VALUES ('49', '49', '49', 'Ea doloremque suscipit et repellendus nostrum eligendi ad expedita. Nihil quas vero rerum aliquid est quis consequatur minima. Id doloremque tempora minima ex. Est ratione et possimus quos est nobis totam.', '1978-03-14 01:15:30');
INSERT INTO `messages` (`id`, `from_users_id`, `to_users_id`, `body`, `created_at`) VALUES ('50', '50', '50', 'Possimus sit voluptas illo sed non consequatur. Vel et placeat facere. Nulla vitae eum atque aliquam aut quasi labore. Similique velit esse autem quos animi impedit.', '2004-09-25 01:17:18');
INSERT INTO `messages` (`id`, `from_users_id`, `to_users_id`, `body`, `created_at`) VALUES ('51', '51', '51', 'Distinctio ea fugiat rerum sint pariatur et quis architecto. Natus magni voluptatem ipsam aut. Debitis praesentium adipisci itaque quibusdam est cupiditate.', '1996-09-07 06:45:34');
INSERT INTO `messages` (`id`, `from_users_id`, `to_users_id`, `body`, `created_at`) VALUES ('52', '52', '52', 'Vero voluptates natus accusantium voluptas omnis molestiae iusto. Quia pariatur repellendus suscipit ut eos libero officiis. Porro ab ut doloremque. Autem rerum dignissimos neque ut.', '1981-03-14 19:20:14');
INSERT INTO `messages` (`id`, `from_users_id`, `to_users_id`, `body`, `created_at`) VALUES ('53', '53', '53', 'Qui quis ratione cum voluptatem. Velit ut nemo facilis eligendi laborum voluptas enim. Velit qui neque dolorem sed.', '2008-09-18 04:40:46');
INSERT INTO `messages` (`id`, `from_users_id`, `to_users_id`, `body`, `created_at`) VALUES ('54', '54', '54', 'Sed sint magni at. Vitae quam consequatur veniam officia. Ut rerum non voluptas et voluptas enim dolorem dolorum. In aliquam maiores praesentium ullam repellendus quis cupiditate.', '2004-12-04 18:16:46');
INSERT INTO `messages` (`id`, `from_users_id`, `to_users_id`, `body`, `created_at`) VALUES ('55', '55', '55', 'Qui reprehenderit dolorem rerum incidunt dolores quidem. Sint nemo cumque rerum.', '1983-12-18 13:10:01');
INSERT INTO `messages` (`id`, `from_users_id`, `to_users_id`, `body`, `created_at`) VALUES ('56', '56', '56', 'Architecto dolorem sapiente facilis quia veritatis. Dicta ut saepe cumque aperiam nisi voluptatum. Doloribus quos occaecati architecto.', '1999-07-02 17:08:45');
INSERT INTO `messages` (`id`, `from_users_id`, `to_users_id`, `body`, `created_at`) VALUES ('57', '57', '57', 'Esse omnis impedit et est. Accusantium accusamus omnis recusandae numquam. Vero et qui quos. Quo porro et quia eveniet vel iste.', '2020-04-12 08:13:56');
INSERT INTO `messages` (`id`, `from_users_id`, `to_users_id`, `body`, `created_at`) VALUES ('58', '58', '58', 'Quisquam aut nesciunt iste dolorem asperiores suscipit odit. Dolor voluptatem ut sapiente. Enim labore nostrum voluptas et quia eum quisquam.', '1975-09-23 11:49:31');
INSERT INTO `messages` (`id`, `from_users_id`, `to_users_id`, `body`, `created_at`) VALUES ('59', '59', '59', 'Dolor ut quod minus fuga vel ut. Et debitis dignissimos ab mollitia qui et. Expedita nostrum vel velit est.', '2015-04-29 16:24:40');
INSERT INTO `messages` (`id`, `from_users_id`, `to_users_id`, `body`, `created_at`) VALUES ('60', '60', '60', 'Et error porro repudiandae sit repellendus doloremque ea ipsa. Ut perspiciatis accusantium magnam et. Nobis sint saepe ipsam recusandae. Est vel error sit dignissimos.', '2016-01-25 21:54:49');
INSERT INTO `messages` (`id`, `from_users_id`, `to_users_id`, `body`, `created_at`) VALUES ('61', '61', '61', 'Ut saepe eveniet omnis quibusdam reprehenderit iure. Quis et fugiat eveniet. Expedita quo numquam vitae magnam nihil qui perferendis quam.', '2020-07-14 22:22:39');
INSERT INTO `messages` (`id`, `from_users_id`, `to_users_id`, `body`, `created_at`) VALUES ('62', '62', '62', 'Praesentium magnam veniam in nostrum sunt quis est assumenda. Magnam quas facere iste asperiores cum. Eaque ut excepturi vitae vel quas.', '2020-03-12 03:20:23');
INSERT INTO `messages` (`id`, `from_users_id`, `to_users_id`, `body`, `created_at`) VALUES ('63', '63', '63', 'Ratione iusto possimus repellat dolorem aut veritatis sequi. A sapiente non quidem. Numquam dignissimos laudantium aliquid labore iure.', '1984-06-13 13:15:34');
INSERT INTO `messages` (`id`, `from_users_id`, `to_users_id`, `body`, `created_at`) VALUES ('64', '64', '64', 'Dolor et qui corporis ut quod alias. Aliquid sunt error aut laborum omnis eum aut. Libero ut et et nesciunt magni vitae.', '2010-11-10 04:39:51');
INSERT INTO `messages` (`id`, `from_users_id`, `to_users_id`, `body`, `created_at`) VALUES ('65', '65', '65', 'Commodi harum error recusandae explicabo. Quaerat quos sed mollitia voluptas exercitationem qui. Quis natus esse laborum dolores omnis. Occaecati voluptas est impedit quisquam. Non minima quis accusamus magni.', '1975-09-06 12:53:48');
INSERT INTO `messages` (`id`, `from_users_id`, `to_users_id`, `body`, `created_at`) VALUES ('66', '66', '66', 'Voluptatem eligendi fuga repellendus dolores vel possimus. Et quo sequi libero non quia. Et perferendis sed quasi dolorem. Quasi pariatur qui sunt cum minus rerum voluptates.', '1972-12-04 15:23:51');
INSERT INTO `messages` (`id`, `from_users_id`, `to_users_id`, `body`, `created_at`) VALUES ('67', '67', '67', 'Ducimus quos qui ducimus dicta a dignissimos. Molestiae voluptas culpa velit eius quae veritatis et. Odit libero nisi rem hic autem. Doloremque voluptatem quos omnis illo dolores et aut. Et distinctio animi deleniti ducimus.', '2008-04-03 03:57:33');
INSERT INTO `messages` (`id`, `from_users_id`, `to_users_id`, `body`, `created_at`) VALUES ('68', '68', '68', 'Reiciendis aliquam minima reprehenderit quos. Dolores ducimus eum odit repellendus perferendis. Necessitatibus dolores iure voluptatem explicabo. Maiores dolorum sint non et accusantium dignissimos. Vel adipisci aliquam blanditiis rerum quo vel quos.', '2022-07-05 04:07:33');
INSERT INTO `messages` (`id`, `from_users_id`, `to_users_id`, `body`, `created_at`) VALUES ('69', '69', '69', 'Ratione sequi cumque atque eos. Eum voluptatem atque non. Enim qui recusandae vel velit fuga ea. Accusantium est nihil voluptas illo culpa tempora.', '1987-08-04 17:56:43');
INSERT INTO `messages` (`id`, `from_users_id`, `to_users_id`, `body`, `created_at`) VALUES ('70', '70', '70', 'Labore commodi eum aut consequatur aut fugit. Officia repellat magnam non et ea. Repellendus dolore quaerat adipisci.', '1971-02-03 12:05:59');
INSERT INTO `messages` (`id`, `from_users_id`, `to_users_id`, `body`, `created_at`) VALUES ('71', '71', '71', 'Voluptate omnis totam quas qui qui itaque sed. Ducimus dicta autem omnis omnis. Voluptas ut ut aliquid.', '2006-12-05 10:02:22');
INSERT INTO `messages` (`id`, `from_users_id`, `to_users_id`, `body`, `created_at`) VALUES ('72', '72', '72', 'Laudantium autem beatae dolores natus dignissimos nihil optio alias. Sit maxime hic nobis incidunt aperiam qui dolorem.', '1996-01-12 01:13:58');
INSERT INTO `messages` (`id`, `from_users_id`, `to_users_id`, `body`, `created_at`) VALUES ('73', '73', '73', 'Iste voluptas quia provident mollitia impedit a. Voluptas reprehenderit repellendus facilis rerum hic et et. Facilis mollitia tenetur quasi quia sequi excepturi aut consequatur.', '1971-11-20 08:49:35');
INSERT INTO `messages` (`id`, `from_users_id`, `to_users_id`, `body`, `created_at`) VALUES ('74', '74', '74', 'Pariatur nesciunt delectus nulla doloremque placeat. Voluptatem et aut voluptas laudantium. Inventore ratione qui harum earum sunt sit et id. Et natus pariatur quia molestiae praesentium ipsa.', '1991-09-10 12:13:52');
INSERT INTO `messages` (`id`, `from_users_id`, `to_users_id`, `body`, `created_at`) VALUES ('75', '75', '75', 'Aperiam consectetur eum modi eos. Veritatis veritatis ullam sint est. Inventore vel nam deleniti occaecati. Aspernatur expedita aut eius dicta.', '1973-11-20 02:32:39');
INSERT INTO `messages` (`id`, `from_users_id`, `to_users_id`, `body`, `created_at`) VALUES ('76', '76', '76', 'Praesentium et ipsam nobis ullam ad. Qui omnis itaque aut qui totam. Corporis voluptas laboriosam perspiciatis quae.', '2015-11-17 19:41:51');
INSERT INTO `messages` (`id`, `from_users_id`, `to_users_id`, `body`, `created_at`) VALUES ('77', '77', '77', 'Quis eos quia labore aut ullam. Quo et et atque minima quo eius ut. Maxime quod et ipsa laborum ducimus.', '2009-08-13 21:47:39');
INSERT INTO `messages` (`id`, `from_users_id`, `to_users_id`, `body`, `created_at`) VALUES ('78', '78', '78', 'Architecto enim voluptatibus quisquam. Nihil cupiditate deserunt eum molestiae est earum. Earum nulla aperiam fugiat debitis voluptatem eum nam. Et voluptatem nihil labore.', '2008-02-11 14:20:46');
INSERT INTO `messages` (`id`, `from_users_id`, `to_users_id`, `body`, `created_at`) VALUES ('79', '79', '79', 'Atque doloremque magni ipsa. Optio dolor iure nobis cupiditate quo eveniet ut. Veritatis illo placeat voluptatem dolorem ducimus eos dignissimos a. Veritatis aut praesentium esse ut repellendus hic asperiores.', '1978-08-22 05:20:28');
INSERT INTO `messages` (`id`, `from_users_id`, `to_users_id`, `body`, `created_at`) VALUES ('80', '80', '80', 'Sit doloremque et laboriosam enim. Tempora vel repellat neque non enim.', '1985-01-14 10:13:37');
INSERT INTO `messages` (`id`, `from_users_id`, `to_users_id`, `body`, `created_at`) VALUES ('81', '81', '81', 'Sunt labore aut neque. Repellendus placeat omnis impedit aut magnam deleniti dolorum culpa. Natus repellendus est distinctio possimus laudantium. Aut amet magnam temporibus accusantium tenetur et. Est itaque aperiam fuga et veniam natus.', '2013-07-23 21:37:01');
INSERT INTO `messages` (`id`, `from_users_id`, `to_users_id`, `body`, `created_at`) VALUES ('82', '82', '82', 'Sint et sapiente cum nihil hic minima dolorem autem. Veritatis odit dolore et velit molestias quis. Qui aliquid quia ut error.', '2000-06-29 17:05:09');
INSERT INTO `messages` (`id`, `from_users_id`, `to_users_id`, `body`, `created_at`) VALUES ('83', '83', '83', 'Aut non qui consequuntur qui adipisci eveniet. Aspernatur dolores dolorum sunt modi quae nihil voluptatem. Illum ratione facere deserunt recusandae molestiae laudantium facere.', '1978-02-13 02:32:25');
INSERT INTO `messages` (`id`, `from_users_id`, `to_users_id`, `body`, `created_at`) VALUES ('84', '84', '84', 'Nihil vero veritatis eligendi aspernatur dolore et nostrum. Rem tenetur accusamus est. Ut qui aliquam labore sed.', '2018-06-07 13:43:34');
INSERT INTO `messages` (`id`, `from_users_id`, `to_users_id`, `body`, `created_at`) VALUES ('85', '85', '85', 'Et provident mollitia recusandae iusto perspiciatis asperiores. Ipsum ratione eos numquam odit dolores ipsum est. Autem voluptatibus ex nobis officiis laborum explicabo hic.', '2008-11-11 12:40:23');
INSERT INTO `messages` (`id`, `from_users_id`, `to_users_id`, `body`, `created_at`) VALUES ('86', '86', '86', 'Est qui explicabo nihil nemo rerum sint occaecati. Earum eum cum accusamus consequatur. Molestias ut dignissimos est impedit voluptas tempore placeat. Iure sed cum placeat deserunt fuga dolorem consequatur libero.', '1974-03-08 05:57:05');
INSERT INTO `messages` (`id`, `from_users_id`, `to_users_id`, `body`, `created_at`) VALUES ('87', '87', '87', 'Nihil voluptatem omnis ducimus est. Vero velit odit maiores quam explicabo libero. Laboriosam vitae dolore quaerat dolor consequuntur.', '1997-09-27 15:42:59');
INSERT INTO `messages` (`id`, `from_users_id`, `to_users_id`, `body`, `created_at`) VALUES ('88', '88', '88', 'Est saepe ab quibusdam delectus et sunt nam. Id non dicta maiores vel tenetur dolor dolorem. Nostrum voluptatem minus dolorum dicta labore.', '1990-08-19 06:21:07');
INSERT INTO `messages` (`id`, `from_users_id`, `to_users_id`, `body`, `created_at`) VALUES ('89', '89', '89', 'Voluptatibus deserunt officia tenetur velit aut aut suscipit molestiae. Consequatur est vitae repellat labore. Autem fuga quia exercitationem aspernatur voluptates mollitia dolorem. Maiores qui autem rerum commodi ea minima.', '1972-07-10 02:51:25');
INSERT INTO `messages` (`id`, `from_users_id`, `to_users_id`, `body`, `created_at`) VALUES ('90', '90', '90', 'Facere eos quas qui quae repudiandae. Provident occaecati beatae veritatis dicta a. Accusamus dignissimos consequatur sit quos maxime quo.', '1996-07-06 01:18:30');
INSERT INTO `messages` (`id`, `from_users_id`, `to_users_id`, `body`, `created_at`) VALUES ('91', '91', '91', 'Quo deleniti beatae nam. Officiis molestiae ratione consectetur dolor cupiditate quia. Et tenetur qui aut esse odio quam.', '1997-10-21 09:49:26');
INSERT INTO `messages` (`id`, `from_users_id`, `to_users_id`, `body`, `created_at`) VALUES ('92', '92', '92', 'Explicabo ipsam exercitationem aperiam. Qui exercitationem in ea accusantium. Dolore optio commodi qui.', '2001-11-24 12:03:40');
INSERT INTO `messages` (`id`, `from_users_id`, `to_users_id`, `body`, `created_at`) VALUES ('93', '93', '93', 'Qui odio esse sapiente repudiandae deserunt provident consequatur. Illo consequatur ipsam animi quos vel optio. Est aliquam ut quia voluptas dolorem excepturi.', '1984-08-08 05:33:34');
INSERT INTO `messages` (`id`, `from_users_id`, `to_users_id`, `body`, `created_at`) VALUES ('94', '94', '94', 'Hic ipsa blanditiis cumque in quis laborum facere. Enim nesciunt aut doloribus voluptates. Consequatur libero non sed voluptatem numquam voluptas. Doloremque nisi perspiciatis ut tempore.', '2019-04-10 23:32:38');
INSERT INTO `messages` (`id`, `from_users_id`, `to_users_id`, `body`, `created_at`) VALUES ('95', '95', '95', 'Eligendi sit eum temporibus. Fugiat perferendis dicta nobis maxime asperiores ea ut odit. Hic assumenda dolor qui. Cupiditate neque vero voluptatibus ducimus.', '2021-04-21 09:22:30');
INSERT INTO `messages` (`id`, `from_users_id`, `to_users_id`, `body`, `created_at`) VALUES ('96', '96', '96', 'Eos qui corrupti dolorum laborum ad enim. Eos est ipsam omnis voluptatem totam. Et vero dolor nostrum qui maxime quis. Aut perferendis debitis cum est.', '1973-01-19 23:51:47');
INSERT INTO `messages` (`id`, `from_users_id`, `to_users_id`, `body`, `created_at`) VALUES ('97', '97', '97', 'Aut qui quia perferendis quo consequatur. Sequi dolor velit dolores magnam recusandae. Ad dignissimos necessitatibus voluptatem quia dolor sit.', '1992-01-13 18:12:19');
INSERT INTO `messages` (`id`, `from_users_id`, `to_users_id`, `body`, `created_at`) VALUES ('98', '98', '98', 'Ea consequatur fugit et architecto. Optio quisquam maiores aut quisquam.', '1975-06-12 21:49:51');
INSERT INTO `messages` (`id`, `from_users_id`, `to_users_id`, `body`, `created_at`) VALUES ('99', '99', '99', 'Iusto cupiditate molestiae et. Rerum ipsa iusto voluptatibus quae. Velit adipisci reiciendis qui doloremque non perferendis quae. Et et molestias nihil reiciendis. Error in similique est quisquam quisquam explicabo.', '2009-07-20 16:53:27');
INSERT INTO `messages` (`id`, `from_users_id`, `to_users_id`, `body`, `created_at`) VALUES ('100', '100', '100', 'Quia modi nisi maxime sed. Laborum numquam assumenda ea.', '2004-04-05 10:24:50');


#
# TABLE STRUCTURE FOR: photo_albums
#

DROP TABLE IF EXISTS `photo_albums`;

CREATE TABLE `photo_albums` (
  `id` bigint(20) unsigned NOT NULL AUTO_INCREMENT,
  `name` varchar(255) COLLATE utf8mb4_unicode_ci DEFAULT NULL,
  `users_id` bigint(20) unsigned DEFAULT NULL,
  PRIMARY KEY (`id`),
  UNIQUE KEY `id` (`id`),
  KEY `users_id` (`users_id`),
  CONSTRAINT `photo_albums_ibfk_1` FOREIGN KEY (`users_id`) REFERENCES `users` (`id`) ON DELETE SET NULL ON UPDATE CASCADE
) ENGINE=InnoDB AUTO_INCREMENT=101 DEFAULT CHARSET=utf8mb4 COLLATE=utf8mb4_unicode_ci;

INSERT INTO `photo_albums` (`id`, `name`, `users_id`) VALUES ('1', 'inventore', '1');
INSERT INTO `photo_albums` (`id`, `name`, `users_id`) VALUES ('2', 'consequatur', '2');
INSERT INTO `photo_albums` (`id`, `name`, `users_id`) VALUES ('3', 'praesentium', '3');
INSERT INTO `photo_albums` (`id`, `name`, `users_id`) VALUES ('4', 'minus', '4');
INSERT INTO `photo_albums` (`id`, `name`, `users_id`) VALUES ('5', 'voluptas', '5');
INSERT INTO `photo_albums` (`id`, `name`, `users_id`) VALUES ('6', 'dignissimos', '6');
INSERT INTO `photo_albums` (`id`, `name`, `users_id`) VALUES ('7', 'odit', '7');
INSERT INTO `photo_albums` (`id`, `name`, `users_id`) VALUES ('8', 'vel', '8');
INSERT INTO `photo_albums` (`id`, `name`, `users_id`) VALUES ('9', 'pariatur', '9');
INSERT INTO `photo_albums` (`id`, `name`, `users_id`) VALUES ('10', 'ratione', '10');
INSERT INTO `photo_albums` (`id`, `name`, `users_id`) VALUES ('11', 'voluptas', '11');
INSERT INTO `photo_albums` (`id`, `name`, `users_id`) VALUES ('12', 'molestiae', '12');
INSERT INTO `photo_albums` (`id`, `name`, `users_id`) VALUES ('13', 'libero', '13');
INSERT INTO `photo_albums` (`id`, `name`, `users_id`) VALUES ('14', 'voluptatem', '14');
INSERT INTO `photo_albums` (`id`, `name`, `users_id`) VALUES ('15', 'aliquid', '15');
INSERT INTO `photo_albums` (`id`, `name`, `users_id`) VALUES ('16', 'temporibus', '16');
INSERT INTO `photo_albums` (`id`, `name`, `users_id`) VALUES ('17', 'cupiditate', '17');
INSERT INTO `photo_albums` (`id`, `name`, `users_id`) VALUES ('18', 'a', '18');
INSERT INTO `photo_albums` (`id`, `name`, `users_id`) VALUES ('19', 'deserunt', '19');
INSERT INTO `photo_albums` (`id`, `name`, `users_id`) VALUES ('20', 'impedit', '20');
INSERT INTO `photo_albums` (`id`, `name`, `users_id`) VALUES ('21', 'dolores', '21');
INSERT INTO `photo_albums` (`id`, `name`, `users_id`) VALUES ('22', 'quia', '22');
INSERT INTO `photo_albums` (`id`, `name`, `users_id`) VALUES ('23', 'voluptatum', '23');
INSERT INTO `photo_albums` (`id`, `name`, `users_id`) VALUES ('24', 'corporis', '24');
INSERT INTO `photo_albums` (`id`, `name`, `users_id`) VALUES ('25', 'est', '25');
INSERT INTO `photo_albums` (`id`, `name`, `users_id`) VALUES ('26', 'alias', '26');
INSERT INTO `photo_albums` (`id`, `name`, `users_id`) VALUES ('27', 'eos', '27');
INSERT INTO `photo_albums` (`id`, `name`, `users_id`) VALUES ('28', 'exercitationem', '28');
INSERT INTO `photo_albums` (`id`, `name`, `users_id`) VALUES ('29', 'alias', '29');
INSERT INTO `photo_albums` (`id`, `name`, `users_id`) VALUES ('30', 'eos', '30');
INSERT INTO `photo_albums` (`id`, `name`, `users_id`) VALUES ('31', 'quas', '31');
INSERT INTO `photo_albums` (`id`, `name`, `users_id`) VALUES ('32', 'rem', '32');
INSERT INTO `photo_albums` (`id`, `name`, `users_id`) VALUES ('33', 'consectetur', '33');
INSERT INTO `photo_albums` (`id`, `name`, `users_id`) VALUES ('34', 'occaecati', '34');
INSERT INTO `photo_albums` (`id`, `name`, `users_id`) VALUES ('35', 'cumque', '35');
INSERT INTO `photo_albums` (`id`, `name`, `users_id`) VALUES ('36', 'ab', '36');
INSERT INTO `photo_albums` (`id`, `name`, `users_id`) VALUES ('37', 'accusamus', '37');
INSERT INTO `photo_albums` (`id`, `name`, `users_id`) VALUES ('38', 'neque', '38');
INSERT INTO `photo_albums` (`id`, `name`, `users_id`) VALUES ('39', 'sint', '39');
INSERT INTO `photo_albums` (`id`, `name`, `users_id`) VALUES ('40', 'aliquam', '40');
INSERT INTO `photo_albums` (`id`, `name`, `users_id`) VALUES ('41', 'ea', '41');
INSERT INTO `photo_albums` (`id`, `name`, `users_id`) VALUES ('42', 'porro', '42');
INSERT INTO `photo_albums` (`id`, `name`, `users_id`) VALUES ('43', 'dolorem', '43');
INSERT INTO `photo_albums` (`id`, `name`, `users_id`) VALUES ('44', 'incidunt', '44');
INSERT INTO `photo_albums` (`id`, `name`, `users_id`) VALUES ('45', 'sapiente', '45');
INSERT INTO `photo_albums` (`id`, `name`, `users_id`) VALUES ('46', 'veniam', '46');
INSERT INTO `photo_albums` (`id`, `name`, `users_id`) VALUES ('47', 'vel', '47');
INSERT INTO `photo_albums` (`id`, `name`, `users_id`) VALUES ('48', 'sequi', '48');
INSERT INTO `photo_albums` (`id`, `name`, `users_id`) VALUES ('49', 'rem', '49');
INSERT INTO `photo_albums` (`id`, `name`, `users_id`) VALUES ('50', 'nihil', '50');
INSERT INTO `photo_albums` (`id`, `name`, `users_id`) VALUES ('51', 'molestias', '51');
INSERT INTO `photo_albums` (`id`, `name`, `users_id`) VALUES ('52', 'sed', '52');
INSERT INTO `photo_albums` (`id`, `name`, `users_id`) VALUES ('53', 'odio', '53');
INSERT INTO `photo_albums` (`id`, `name`, `users_id`) VALUES ('54', 'autem', '54');
INSERT INTO `photo_albums` (`id`, `name`, `users_id`) VALUES ('55', 'assumenda', '55');
INSERT INTO `photo_albums` (`id`, `name`, `users_id`) VALUES ('56', 'sed', '56');
INSERT INTO `photo_albums` (`id`, `name`, `users_id`) VALUES ('57', 'odit', '57');
INSERT INTO `photo_albums` (`id`, `name`, `users_id`) VALUES ('58', 'quam', '58');
INSERT INTO `photo_albums` (`id`, `name`, `users_id`) VALUES ('59', 'ex', '59');
INSERT INTO `photo_albums` (`id`, `name`, `users_id`) VALUES ('60', 'fugit', '60');
INSERT INTO `photo_albums` (`id`, `name`, `users_id`) VALUES ('61', 'aliquid', '61');
INSERT INTO `photo_albums` (`id`, `name`, `users_id`) VALUES ('62', 'placeat', '62');
INSERT INTO `photo_albums` (`id`, `name`, `users_id`) VALUES ('63', 'sit', '63');
INSERT INTO `photo_albums` (`id`, `name`, `users_id`) VALUES ('64', 'dolorum', '64');
INSERT INTO `photo_albums` (`id`, `name`, `users_id`) VALUES ('65', 'praesentium', '65');
INSERT INTO `photo_albums` (`id`, `name`, `users_id`) VALUES ('66', 'recusandae', '66');
INSERT INTO `photo_albums` (`id`, `name`, `users_id`) VALUES ('67', 'adipisci', '67');
INSERT INTO `photo_albums` (`id`, `name`, `users_id`) VALUES ('68', 'amet', '68');
INSERT INTO `photo_albums` (`id`, `name`, `users_id`) VALUES ('69', 'ea', '69');
INSERT INTO `photo_albums` (`id`, `name`, `users_id`) VALUES ('70', 'sint', '70');
INSERT INTO `photo_albums` (`id`, `name`, `users_id`) VALUES ('71', 'incidunt', '71');
INSERT INTO `photo_albums` (`id`, `name`, `users_id`) VALUES ('72', 'pariatur', '72');
INSERT INTO `photo_albums` (`id`, `name`, `users_id`) VALUES ('73', 'quibusdam', '73');
INSERT INTO `photo_albums` (`id`, `name`, `users_id`) VALUES ('74', 'saepe', '74');
INSERT INTO `photo_albums` (`id`, `name`, `users_id`) VALUES ('75', 'aut', '75');
INSERT INTO `photo_albums` (`id`, `name`, `users_id`) VALUES ('76', 'optio', '76');
INSERT INTO `photo_albums` (`id`, `name`, `users_id`) VALUES ('77', 'placeat', '77');
INSERT INTO `photo_albums` (`id`, `name`, `users_id`) VALUES ('78', 'voluptate', '78');
INSERT INTO `photo_albums` (`id`, `name`, `users_id`) VALUES ('79', 'provident', '79');
INSERT INTO `photo_albums` (`id`, `name`, `users_id`) VALUES ('80', 'rem', '80');
INSERT INTO `photo_albums` (`id`, `name`, `users_id`) VALUES ('81', 'voluptatibus', '81');
INSERT INTO `photo_albums` (`id`, `name`, `users_id`) VALUES ('82', 'laudantium', '82');
INSERT INTO `photo_albums` (`id`, `name`, `users_id`) VALUES ('83', 'vel', '83');
INSERT INTO `photo_albums` (`id`, `name`, `users_id`) VALUES ('84', 'illo', '84');
INSERT INTO `photo_albums` (`id`, `name`, `users_id`) VALUES ('85', 'qui', '85');
INSERT INTO `photo_albums` (`id`, `name`, `users_id`) VALUES ('86', 'eum', '86');
INSERT INTO `photo_albums` (`id`, `name`, `users_id`) VALUES ('87', 'laborum', '87');
INSERT INTO `photo_albums` (`id`, `name`, `users_id`) VALUES ('88', 'qui', '88');
INSERT INTO `photo_albums` (`id`, `name`, `users_id`) VALUES ('89', 'dicta', '89');
INSERT INTO `photo_albums` (`id`, `name`, `users_id`) VALUES ('90', 'repellendus', '90');
INSERT INTO `photo_albums` (`id`, `name`, `users_id`) VALUES ('91', 'quasi', '91');
INSERT INTO `photo_albums` (`id`, `name`, `users_id`) VALUES ('92', 'pariatur', '92');
INSERT INTO `photo_albums` (`id`, `name`, `users_id`) VALUES ('93', 'quia', '93');
INSERT INTO `photo_albums` (`id`, `name`, `users_id`) VALUES ('94', 'maiores', '94');
INSERT INTO `photo_albums` (`id`, `name`, `users_id`) VALUES ('95', 'quis', '95');
INSERT INTO `photo_albums` (`id`, `name`, `users_id`) VALUES ('96', 'magnam', '96');
INSERT INTO `photo_albums` (`id`, `name`, `users_id`) VALUES ('97', 'dicta', '97');
INSERT INTO `photo_albums` (`id`, `name`, `users_id`) VALUES ('98', 'beatae', '98');
INSERT INTO `photo_albums` (`id`, `name`, `users_id`) VALUES ('99', 'tenetur', '99');
INSERT INTO `photo_albums` (`id`, `name`, `users_id`) VALUES ('100', 'alias', '100');


#
# TABLE STRUCTURE FOR: photos
#

DROP TABLE IF EXISTS `photos`;

CREATE TABLE `photos` (
  `id` bigint(20) unsigned NOT NULL AUTO_INCREMENT,
  `album_id` bigint(20) unsigned NOT NULL,
  `media_id` bigint(20) unsigned NOT NULL,
  PRIMARY KEY (`id`),
  KEY `album_id` (`album_id`),
  KEY `media_id` (`media_id`),
  CONSTRAINT `photos_ibfk_1` FOREIGN KEY (`album_id`) REFERENCES `photo_albums` (`id`) ON DELETE CASCADE ON UPDATE CASCADE,
  CONSTRAINT `photos_ibfk_2` FOREIGN KEY (`media_id`) REFERENCES `media` (`id`) ON DELETE CASCADE ON UPDATE CASCADE
) ENGINE=InnoDB AUTO_INCREMENT=101 DEFAULT CHARSET=utf8mb4 COLLATE=utf8mb4_unicode_ci;

INSERT INTO `photos` (`id`, `album_id`, `media_id`) VALUES ('1', '1', '1');
INSERT INTO `photos` (`id`, `album_id`, `media_id`) VALUES ('2', '2', '2');
INSERT INTO `photos` (`id`, `album_id`, `media_id`) VALUES ('3', '3', '3');
INSERT INTO `photos` (`id`, `album_id`, `media_id`) VALUES ('4', '4', '4');
INSERT INTO `photos` (`id`, `album_id`, `media_id`) VALUES ('5', '5', '5');
INSERT INTO `photos` (`id`, `album_id`, `media_id`) VALUES ('6', '6', '6');
INSERT INTO `photos` (`id`, `album_id`, `media_id`) VALUES ('7', '7', '7');
INSERT INTO `photos` (`id`, `album_id`, `media_id`) VALUES ('8', '8', '8');
INSERT INTO `photos` (`id`, `album_id`, `media_id`) VALUES ('9', '9', '9');
INSERT INTO `photos` (`id`, `album_id`, `media_id`) VALUES ('10', '10', '10');
INSERT INTO `photos` (`id`, `album_id`, `media_id`) VALUES ('11', '11', '11');
INSERT INTO `photos` (`id`, `album_id`, `media_id`) VALUES ('12', '12', '12');
INSERT INTO `photos` (`id`, `album_id`, `media_id`) VALUES ('13', '13', '13');
INSERT INTO `photos` (`id`, `album_id`, `media_id`) VALUES ('14', '14', '14');
INSERT INTO `photos` (`id`, `album_id`, `media_id`) VALUES ('15', '15', '15');
INSERT INTO `photos` (`id`, `album_id`, `media_id`) VALUES ('16', '16', '16');
INSERT INTO `photos` (`id`, `album_id`, `media_id`) VALUES ('17', '17', '17');
INSERT INTO `photos` (`id`, `album_id`, `media_id`) VALUES ('18', '18', '18');
INSERT INTO `photos` (`id`, `album_id`, `media_id`) VALUES ('19', '19', '19');
INSERT INTO `photos` (`id`, `album_id`, `media_id`) VALUES ('20', '20', '20');
INSERT INTO `photos` (`id`, `album_id`, `media_id`) VALUES ('21', '21', '21');
INSERT INTO `photos` (`id`, `album_id`, `media_id`) VALUES ('22', '22', '22');
INSERT INTO `photos` (`id`, `album_id`, `media_id`) VALUES ('23', '23', '23');
INSERT INTO `photos` (`id`, `album_id`, `media_id`) VALUES ('24', '24', '24');
INSERT INTO `photos` (`id`, `album_id`, `media_id`) VALUES ('25', '25', '25');
INSERT INTO `photos` (`id`, `album_id`, `media_id`) VALUES ('26', '26', '26');
INSERT INTO `photos` (`id`, `album_id`, `media_id`) VALUES ('27', '27', '27');
INSERT INTO `photos` (`id`, `album_id`, `media_id`) VALUES ('28', '28', '28');
INSERT INTO `photos` (`id`, `album_id`, `media_id`) VALUES ('29', '29', '29');
INSERT INTO `photos` (`id`, `album_id`, `media_id`) VALUES ('30', '30', '30');
INSERT INTO `photos` (`id`, `album_id`, `media_id`) VALUES ('31', '31', '31');
INSERT INTO `photos` (`id`, `album_id`, `media_id`) VALUES ('32', '32', '32');
INSERT INTO `photos` (`id`, `album_id`, `media_id`) VALUES ('33', '33', '33');
INSERT INTO `photos` (`id`, `album_id`, `media_id`) VALUES ('34', '34', '34');
INSERT INTO `photos` (`id`, `album_id`, `media_id`) VALUES ('35', '35', '35');
INSERT INTO `photos` (`id`, `album_id`, `media_id`) VALUES ('36', '36', '36');
INSERT INTO `photos` (`id`, `album_id`, `media_id`) VALUES ('37', '37', '37');
INSERT INTO `photos` (`id`, `album_id`, `media_id`) VALUES ('38', '38', '38');
INSERT INTO `photos` (`id`, `album_id`, `media_id`) VALUES ('39', '39', '39');
INSERT INTO `photos` (`id`, `album_id`, `media_id`) VALUES ('40', '40', '40');
INSERT INTO `photos` (`id`, `album_id`, `media_id`) VALUES ('41', '41', '41');
INSERT INTO `photos` (`id`, `album_id`, `media_id`) VALUES ('42', '42', '42');
INSERT INTO `photos` (`id`, `album_id`, `media_id`) VALUES ('43', '43', '43');
INSERT INTO `photos` (`id`, `album_id`, `media_id`) VALUES ('44', '44', '44');
INSERT INTO `photos` (`id`, `album_id`, `media_id`) VALUES ('45', '45', '45');
INSERT INTO `photos` (`id`, `album_id`, `media_id`) VALUES ('46', '46', '46');
INSERT INTO `photos` (`id`, `album_id`, `media_id`) VALUES ('47', '47', '47');
INSERT INTO `photos` (`id`, `album_id`, `media_id`) VALUES ('48', '48', '48');
INSERT INTO `photos` (`id`, `album_id`, `media_id`) VALUES ('49', '49', '49');
INSERT INTO `photos` (`id`, `album_id`, `media_id`) VALUES ('50', '50', '50');
INSERT INTO `photos` (`id`, `album_id`, `media_id`) VALUES ('51', '51', '51');
INSERT INTO `photos` (`id`, `album_id`, `media_id`) VALUES ('52', '52', '52');
INSERT INTO `photos` (`id`, `album_id`, `media_id`) VALUES ('53', '53', '53');
INSERT INTO `photos` (`id`, `album_id`, `media_id`) VALUES ('54', '54', '54');
INSERT INTO `photos` (`id`, `album_id`, `media_id`) VALUES ('55', '55', '55');
INSERT INTO `photos` (`id`, `album_id`, `media_id`) VALUES ('56', '56', '56');
INSERT INTO `photos` (`id`, `album_id`, `media_id`) VALUES ('57', '57', '57');
INSERT INTO `photos` (`id`, `album_id`, `media_id`) VALUES ('58', '58', '58');
INSERT INTO `photos` (`id`, `album_id`, `media_id`) VALUES ('59', '59', '59');
INSERT INTO `photos` (`id`, `album_id`, `media_id`) VALUES ('60', '60', '60');
INSERT INTO `photos` (`id`, `album_id`, `media_id`) VALUES ('61', '61', '61');
INSERT INTO `photos` (`id`, `album_id`, `media_id`) VALUES ('62', '62', '62');
INSERT INTO `photos` (`id`, `album_id`, `media_id`) VALUES ('63', '63', '63');
INSERT INTO `photos` (`id`, `album_id`, `media_id`) VALUES ('64', '64', '64');
INSERT INTO `photos` (`id`, `album_id`, `media_id`) VALUES ('65', '65', '65');
INSERT INTO `photos` (`id`, `album_id`, `media_id`) VALUES ('66', '66', '66');
INSERT INTO `photos` (`id`, `album_id`, `media_id`) VALUES ('67', '67', '67');
INSERT INTO `photos` (`id`, `album_id`, `media_id`) VALUES ('68', '68', '68');
INSERT INTO `photos` (`id`, `album_id`, `media_id`) VALUES ('69', '69', '69');
INSERT INTO `photos` (`id`, `album_id`, `media_id`) VALUES ('70', '70', '70');
INSERT INTO `photos` (`id`, `album_id`, `media_id`) VALUES ('71', '71', '71');
INSERT INTO `photos` (`id`, `album_id`, `media_id`) VALUES ('72', '72', '72');
INSERT INTO `photos` (`id`, `album_id`, `media_id`) VALUES ('73', '73', '73');
INSERT INTO `photos` (`id`, `album_id`, `media_id`) VALUES ('74', '74', '74');
INSERT INTO `photos` (`id`, `album_id`, `media_id`) VALUES ('75', '75', '75');
INSERT INTO `photos` (`id`, `album_id`, `media_id`) VALUES ('76', '76', '76');
INSERT INTO `photos` (`id`, `album_id`, `media_id`) VALUES ('77', '77', '77');
INSERT INTO `photos` (`id`, `album_id`, `media_id`) VALUES ('78', '78', '78');
INSERT INTO `photos` (`id`, `album_id`, `media_id`) VALUES ('79', '79', '79');
INSERT INTO `photos` (`id`, `album_id`, `media_id`) VALUES ('80', '80', '80');
INSERT INTO `photos` (`id`, `album_id`, `media_id`) VALUES ('81', '81', '81');
INSERT INTO `photos` (`id`, `album_id`, `media_id`) VALUES ('82', '82', '82');
INSERT INTO `photos` (`id`, `album_id`, `media_id`) VALUES ('83', '83', '83');
INSERT INTO `photos` (`id`, `album_id`, `media_id`) VALUES ('84', '84', '84');
INSERT INTO `photos` (`id`, `album_id`, `media_id`) VALUES ('85', '85', '85');
INSERT INTO `photos` (`id`, `album_id`, `media_id`) VALUES ('86', '86', '86');
INSERT INTO `photos` (`id`, `album_id`, `media_id`) VALUES ('87', '87', '87');
INSERT INTO `photos` (`id`, `album_id`, `media_id`) VALUES ('88', '88', '88');
INSERT INTO `photos` (`id`, `album_id`, `media_id`) VALUES ('89', '89', '89');
INSERT INTO `photos` (`id`, `album_id`, `media_id`) VALUES ('90', '90', '90');
INSERT INTO `photos` (`id`, `album_id`, `media_id`) VALUES ('91', '91', '91');
INSERT INTO `photos` (`id`, `album_id`, `media_id`) VALUES ('92', '92', '92');
INSERT INTO `photos` (`id`, `album_id`, `media_id`) VALUES ('93', '93', '93');
INSERT INTO `photos` (`id`, `album_id`, `media_id`) VALUES ('94', '94', '94');
INSERT INTO `photos` (`id`, `album_id`, `media_id`) VALUES ('95', '95', '95');
INSERT INTO `photos` (`id`, `album_id`, `media_id`) VALUES ('96', '96', '96');
INSERT INTO `photos` (`id`, `album_id`, `media_id`) VALUES ('97', '97', '97');
INSERT INTO `photos` (`id`, `album_id`, `media_id`) VALUES ('98', '98', '98');
INSERT INTO `photos` (`id`, `album_id`, `media_id`) VALUES ('99', '99', '99');
INSERT INTO `photos` (`id`, `album_id`, `media_id`) VALUES ('100', '100', '100');


#
# TABLE STRUCTURE FOR: profiles
#

DROP TABLE IF EXISTS `profiles`;

CREATE TABLE `profiles` (
  `users_id` bigint(20) unsigned NOT NULL AUTO_INCREMENT,
  `gender` char(1) COLLATE utf8mb4_unicode_ci DEFAULT NULL,
  `birthday` date DEFAULT NULL,
  `photo_id` bigint(20) unsigned DEFAULT NULL,
  `created_at` datetime DEFAULT current_timestamp(),
  `hometown` varchar(100) COLLATE utf8mb4_unicode_ci DEFAULT NULL,
  PRIMARY KEY (`users_id`),
  KEY `fk_photo_id` (`photo_id`),
  CONSTRAINT `fk_photo_id` FOREIGN KEY (`photo_id`) REFERENCES `photos` (`id`) ON DELETE SET NULL ON UPDATE CASCADE,
  CONSTRAINT `fk_users_id` FOREIGN KEY (`users_id`) REFERENCES `users` (`id`) ON DELETE CASCADE ON UPDATE CASCADE
) ENGINE=InnoDB AUTO_INCREMENT=101 DEFAULT CHARSET=utf8mb4 COLLATE=utf8mb4_unicode_ci;

INSERT INTO `profiles` (`users_id`, `gender`, `birthday`, `photo_id`, `created_at`, `hometown`) VALUES ('1', 'f', '1972-01-22', '68', '1971-06-17 02:31:13', 'West Michaela');
INSERT INTO `profiles` (`users_id`, `gender`, `birthday`, `photo_id`, `created_at`, `hometown`) VALUES ('2', '', '2008-12-18', '100', '2020-10-26 00:46:49', 'New Abigaletown');
INSERT INTO `profiles` (`users_id`, `gender`, `birthday`, `photo_id`, `created_at`, `hometown`) VALUES ('3', '', '2004-09-21', '96', '1997-06-23 20:28:05', 'Port Wayneberg');
INSERT INTO `profiles` (`users_id`, `gender`, `birthday`, `photo_id`, `created_at`, `hometown`) VALUES ('4', 'f', '2020-06-28', '71', '1979-10-15 07:33:15', 'Erinbury');
INSERT INTO `profiles` (`users_id`, `gender`, `birthday`, `photo_id`, `created_at`, `hometown`) VALUES ('5', '', '2019-02-04', '69', '2008-02-23 07:41:57', 'Salmaland');
INSERT INTO `profiles` (`users_id`, `gender`, `birthday`, `photo_id`, `created_at`, `hometown`) VALUES ('6', 'f', '2001-03-04', '21', '2001-01-28 07:02:05', 'Jastchester');
INSERT INTO `profiles` (`users_id`, `gender`, `birthday`, `photo_id`, `created_at`, `hometown`) VALUES ('7', '', '1982-03-03', '84', '1986-07-06 13:32:27', 'Jeromeside');
INSERT INTO `profiles` (`users_id`, `gender`, `birthday`, `photo_id`, `created_at`, `hometown`) VALUES ('8', 'f', '2014-03-07', '36', '2006-01-12 13:33:05', 'East Velva');
INSERT INTO `profiles` (`users_id`, `gender`, `birthday`, `photo_id`, `created_at`, `hometown`) VALUES ('9', '', '2004-10-21', '49', '1991-10-07 19:25:45', 'Stephanchester');
INSERT INTO `profiles` (`users_id`, `gender`, `birthday`, `photo_id`, `created_at`, `hometown`) VALUES ('10', 'f', '1989-04-28', '23', '2004-08-22 06:48:49', 'Alexanderborough');
INSERT INTO `profiles` (`users_id`, `gender`, `birthday`, `photo_id`, `created_at`, `hometown`) VALUES ('11', 'f', '2010-11-12', '33', '2019-12-06 03:51:01', 'Port Tanyaport');
INSERT INTO `profiles` (`users_id`, `gender`, `birthday`, `photo_id`, `created_at`, `hometown`) VALUES ('12', 'f', '1989-10-31', '91', '2001-03-18 10:59:43', 'Lake Charleyton');
INSERT INTO `profiles` (`users_id`, `gender`, `birthday`, `photo_id`, `created_at`, `hometown`) VALUES ('13', 'f', '1996-06-28', '7', '1998-09-20 11:57:01', 'Deondrechester');
INSERT INTO `profiles` (`users_id`, `gender`, `birthday`, `photo_id`, `created_at`, `hometown`) VALUES ('14', '', '1985-06-26', '70', '2018-11-29 14:04:23', 'New Pascale');
INSERT INTO `profiles` (`users_id`, `gender`, `birthday`, `photo_id`, `created_at`, `hometown`) VALUES ('15', 'f', '2014-03-14', '52', '1980-06-21 10:44:08', 'Leonport');
INSERT INTO `profiles` (`users_id`, `gender`, `birthday`, `photo_id`, `created_at`, `hometown`) VALUES ('16', '', '2007-01-18', '59', '2011-10-31 14:43:12', 'Lake Darien');
INSERT INTO `profiles` (`users_id`, `gender`, `birthday`, `photo_id`, `created_at`, `hometown`) VALUES ('17', 'f', '2022-11-16', '7', '2008-05-05 05:15:47', 'Doyleberg');
INSERT INTO `profiles` (`users_id`, `gender`, `birthday`, `photo_id`, `created_at`, `hometown`) VALUES ('18', 'f', '2002-04-13', '76', '1981-03-12 09:33:14', 'South Audramouth');
INSERT INTO `profiles` (`users_id`, `gender`, `birthday`, `photo_id`, `created_at`, `hometown`) VALUES ('19', '', '2015-04-24', '8', '1973-09-09 19:46:03', 'New Adonis');
INSERT INTO `profiles` (`users_id`, `gender`, `birthday`, `photo_id`, `created_at`, `hometown`) VALUES ('20', '', '1971-02-20', '80', '1987-10-21 13:53:08', 'Lake Desiree');
INSERT INTO `profiles` (`users_id`, `gender`, `birthday`, `photo_id`, `created_at`, `hometown`) VALUES ('21', '', '1972-11-14', '70', '1982-06-05 09:24:40', 'Herthashire');
INSERT INTO `profiles` (`users_id`, `gender`, `birthday`, `photo_id`, `created_at`, `hometown`) VALUES ('22', 'f', '1982-02-27', '69', '2015-03-23 07:48:45', 'New Ashly');
INSERT INTO `profiles` (`users_id`, `gender`, `birthday`, `photo_id`, `created_at`, `hometown`) VALUES ('23', 'f', '1972-04-11', '43', '2013-10-09 23:55:42', 'Lake Roxanne');
INSERT INTO `profiles` (`users_id`, `gender`, `birthday`, `photo_id`, `created_at`, `hometown`) VALUES ('24', 'f', '1986-06-16', '39', '2023-02-26 18:30:24', 'West Deonville');
INSERT INTO `profiles` (`users_id`, `gender`, `birthday`, `photo_id`, `created_at`, `hometown`) VALUES ('25', '', '1989-04-05', '35', '1984-01-05 10:26:20', 'South Eloy');
INSERT INTO `profiles` (`users_id`, `gender`, `birthday`, `photo_id`, `created_at`, `hometown`) VALUES ('26', 'f', '1991-04-19', '57', '2006-01-29 15:59:53', 'West Stanton');
INSERT INTO `profiles` (`users_id`, `gender`, `birthday`, `photo_id`, `created_at`, `hometown`) VALUES ('27', '', '2015-05-19', '45', '1986-07-29 04:44:49', 'Brayanport');
INSERT INTO `profiles` (`users_id`, `gender`, `birthday`, `photo_id`, `created_at`, `hometown`) VALUES ('28', '', '1996-10-22', '93', '1972-09-04 03:21:35', 'East Jackiebury');
INSERT INTO `profiles` (`users_id`, `gender`, `birthday`, `photo_id`, `created_at`, `hometown`) VALUES ('29', 'f', '1981-01-23', '72', '2012-04-02 22:54:48', 'West Imeldachester');
INSERT INTO `profiles` (`users_id`, `gender`, `birthday`, `photo_id`, `created_at`, `hometown`) VALUES ('30', '', '1994-04-09', '10', '2015-06-15 10:56:21', 'Roweview');
INSERT INTO `profiles` (`users_id`, `gender`, `birthday`, `photo_id`, `created_at`, `hometown`) VALUES ('31', 'f', '1992-02-22', '90', '1985-06-09 08:40:50', 'New Melyssa');
INSERT INTO `profiles` (`users_id`, `gender`, `birthday`, `photo_id`, `created_at`, `hometown`) VALUES ('32', 'f', '1972-07-12', '30', '2007-12-19 20:51:41', 'Clementineland');
INSERT INTO `profiles` (`users_id`, `gender`, `birthday`, `photo_id`, `created_at`, `hometown`) VALUES ('33', '', '1998-01-15', '64', '2007-10-12 12:06:06', 'North Evemouth');
INSERT INTO `profiles` (`users_id`, `gender`, `birthday`, `photo_id`, `created_at`, `hometown`) VALUES ('34', 'f', '1985-03-29', '94', '1993-04-28 20:41:24', 'Juwanfort');
INSERT INTO `profiles` (`users_id`, `gender`, `birthday`, `photo_id`, `created_at`, `hometown`) VALUES ('35', '', '2018-10-08', '33', '1997-02-14 22:10:36', 'Webershire');
INSERT INTO `profiles` (`users_id`, `gender`, `birthday`, `photo_id`, `created_at`, `hometown`) VALUES ('36', 'f', '1996-01-18', '82', '1975-04-29 23:29:58', 'North Neldaburgh');
INSERT INTO `profiles` (`users_id`, `gender`, `birthday`, `photo_id`, `created_at`, `hometown`) VALUES ('37', 'f', '2005-01-27', '14', '1999-09-16 23:01:46', 'Boyleville');
INSERT INTO `profiles` (`users_id`, `gender`, `birthday`, `photo_id`, `created_at`, `hometown`) VALUES ('38', 'f', '1976-10-16', '67', '1994-04-07 08:49:38', 'Robertsfurt');
INSERT INTO `profiles` (`users_id`, `gender`, `birthday`, `photo_id`, `created_at`, `hometown`) VALUES ('39', '', '1978-08-27', '69', '1984-07-04 21:33:37', 'Wittingchester');
INSERT INTO `profiles` (`users_id`, `gender`, `birthday`, `photo_id`, `created_at`, `hometown`) VALUES ('40', 'f', '1979-01-26', '41', '1980-12-19 03:03:57', 'East Muhammadburgh');
INSERT INTO `profiles` (`users_id`, `gender`, `birthday`, `photo_id`, `created_at`, `hometown`) VALUES ('41', '', '2002-07-28', '60', '2010-06-15 11:38:13', 'South Jodyland');
INSERT INTO `profiles` (`users_id`, `gender`, `birthday`, `photo_id`, `created_at`, `hometown`) VALUES ('42', 'f', '1976-07-26', '46', '1996-12-16 14:10:20', 'Marilynemouth');
INSERT INTO `profiles` (`users_id`, `gender`, `birthday`, `photo_id`, `created_at`, `hometown`) VALUES ('43', 'f', '2005-06-10', '59', '1999-06-10 17:03:11', 'Norvalville');
INSERT INTO `profiles` (`users_id`, `gender`, `birthday`, `photo_id`, `created_at`, `hometown`) VALUES ('44', 'f', '1990-06-19', '52', '2016-09-25 18:34:52', 'Mannfurt');
INSERT INTO `profiles` (`users_id`, `gender`, `birthday`, `photo_id`, `created_at`, `hometown`) VALUES ('45', 'f', '2005-08-24', '25', '2000-11-10 10:14:36', 'Derrickstad');
INSERT INTO `profiles` (`users_id`, `gender`, `birthday`, `photo_id`, `created_at`, `hometown`) VALUES ('46', 'f', '2001-01-31', '85', '1980-03-10 07:47:22', 'West Rafaela');
INSERT INTO `profiles` (`users_id`, `gender`, `birthday`, `photo_id`, `created_at`, `hometown`) VALUES ('47', '', '2016-06-13', '52', '2001-08-26 10:42:39', 'South Dellhaven');
INSERT INTO `profiles` (`users_id`, `gender`, `birthday`, `photo_id`, `created_at`, `hometown`) VALUES ('48', 'f', '1970-11-24', '15', '1996-07-09 01:27:50', 'Mayerfurt');
INSERT INTO `profiles` (`users_id`, `gender`, `birthday`, `photo_id`, `created_at`, `hometown`) VALUES ('49', '', '2007-05-02', '24', '2010-12-03 05:58:48', 'Oswaldland');
INSERT INTO `profiles` (`users_id`, `gender`, `birthday`, `photo_id`, `created_at`, `hometown`) VALUES ('50', '', '2015-11-14', '63', '1985-10-19 13:55:46', 'Port Gerardo');
INSERT INTO `profiles` (`users_id`, `gender`, `birthday`, `photo_id`, `created_at`, `hometown`) VALUES ('51', '', '2015-07-17', '48', '1991-08-03 03:42:02', 'Lake Margarete');
INSERT INTO `profiles` (`users_id`, `gender`, `birthday`, `photo_id`, `created_at`, `hometown`) VALUES ('52', '', '2005-10-31', '17', '2013-02-21 20:14:52', 'New Eriberto');
INSERT INTO `profiles` (`users_id`, `gender`, `birthday`, `photo_id`, `created_at`, `hometown`) VALUES ('53', '', '2020-12-04', '31', '1985-12-08 17:00:33', 'Heaneyview');
INSERT INTO `profiles` (`users_id`, `gender`, `birthday`, `photo_id`, `created_at`, `hometown`) VALUES ('54', '', '1973-12-22', '47', '1978-07-02 17:57:24', 'East Marquesstad');
INSERT INTO `profiles` (`users_id`, `gender`, `birthday`, `photo_id`, `created_at`, `hometown`) VALUES ('55', '', '2003-10-22', '95', '2020-04-06 18:12:53', 'Simonisland');
INSERT INTO `profiles` (`users_id`, `gender`, `birthday`, `photo_id`, `created_at`, `hometown`) VALUES ('56', '', '1994-08-31', '82', '2018-07-12 15:00:31', 'New Victoriafurt');
INSERT INTO `profiles` (`users_id`, `gender`, `birthday`, `photo_id`, `created_at`, `hometown`) VALUES ('57', 'f', '1979-06-18', '26', '1978-01-08 16:32:07', 'Everettechester');
INSERT INTO `profiles` (`users_id`, `gender`, `birthday`, `photo_id`, `created_at`, `hometown`) VALUES ('58', 'f', '2011-07-20', '58', '1974-06-28 15:19:48', 'Katelynborough');
INSERT INTO `profiles` (`users_id`, `gender`, `birthday`, `photo_id`, `created_at`, `hometown`) VALUES ('59', '', '1999-01-25', '44', '1982-06-15 18:52:07', 'Ardithstad');
INSERT INTO `profiles` (`users_id`, `gender`, `birthday`, `photo_id`, `created_at`, `hometown`) VALUES ('60', '', '1992-04-29', '51', '2015-04-03 04:05:44', 'Bonniestad');
INSERT INTO `profiles` (`users_id`, `gender`, `birthday`, `photo_id`, `created_at`, `hometown`) VALUES ('61', '', '1980-10-01', '42', '2005-08-08 22:57:47', 'Lake Elisa');
INSERT INTO `profiles` (`users_id`, `gender`, `birthday`, `photo_id`, `created_at`, `hometown`) VALUES ('62', '', '1990-01-16', '96', '1989-01-27 16:59:00', 'North Dallinburgh');
INSERT INTO `profiles` (`users_id`, `gender`, `birthday`, `photo_id`, `created_at`, `hometown`) VALUES ('63', '', '1987-06-21', '14', '1976-08-21 15:45:49', 'Hauckton');
INSERT INTO `profiles` (`users_id`, `gender`, `birthday`, `photo_id`, `created_at`, `hometown`) VALUES ('64', 'f', '2000-12-14', '14', '2019-03-27 11:16:19', 'New Pansyport');
INSERT INTO `profiles` (`users_id`, `gender`, `birthday`, `photo_id`, `created_at`, `hometown`) VALUES ('65', 'f', '1988-10-07', '20', '1989-11-04 10:31:30', 'East Clarissa');
INSERT INTO `profiles` (`users_id`, `gender`, `birthday`, `photo_id`, `created_at`, `hometown`) VALUES ('66', 'f', '1976-04-08', '27', '2002-04-07 18:21:34', 'Lueilwitzmouth');
INSERT INTO `profiles` (`users_id`, `gender`, `birthday`, `photo_id`, `created_at`, `hometown`) VALUES ('67', 'f', '1975-05-30', '77', '1972-11-09 05:55:51', 'Gracielaberg');
INSERT INTO `profiles` (`users_id`, `gender`, `birthday`, `photo_id`, `created_at`, `hometown`) VALUES ('68', 'f', '2007-08-07', '53', '1972-09-16 13:58:34', 'Gerhardburgh');
INSERT INTO `profiles` (`users_id`, `gender`, `birthday`, `photo_id`, `created_at`, `hometown`) VALUES ('69', '', '2008-01-22', '81', '2010-04-18 01:22:32', 'Lake Kathryn');
INSERT INTO `profiles` (`users_id`, `gender`, `birthday`, `photo_id`, `created_at`, `hometown`) VALUES ('70', '', '2014-06-15', '34', '2015-10-16 05:35:50', 'East Nettiemouth');
INSERT INTO `profiles` (`users_id`, `gender`, `birthday`, `photo_id`, `created_at`, `hometown`) VALUES ('71', 'f', '2019-11-08', '63', '1980-05-09 22:31:30', 'Dareshire');
INSERT INTO `profiles` (`users_id`, `gender`, `birthday`, `photo_id`, `created_at`, `hometown`) VALUES ('72', 'f', '1974-09-17', '52', '2002-10-22 15:12:46', 'West Sharon');
INSERT INTO `profiles` (`users_id`, `gender`, `birthday`, `photo_id`, `created_at`, `hometown`) VALUES ('73', '', '2014-01-14', '87', '2006-05-11 07:51:14', 'New Bertrandton');
INSERT INTO `profiles` (`users_id`, `gender`, `birthday`, `photo_id`, `created_at`, `hometown`) VALUES ('74', '', '1989-10-11', '100', '2001-03-29 08:01:34', 'Lake Novellachester');
INSERT INTO `profiles` (`users_id`, `gender`, `birthday`, `photo_id`, `created_at`, `hometown`) VALUES ('75', 'f', '2002-04-27', '37', '1998-09-08 03:44:00', 'South Erika');
INSERT INTO `profiles` (`users_id`, `gender`, `birthday`, `photo_id`, `created_at`, `hometown`) VALUES ('76', '', '1985-07-15', '59', '2012-08-17 21:33:09', 'Mrazton');
INSERT INTO `profiles` (`users_id`, `gender`, `birthday`, `photo_id`, `created_at`, `hometown`) VALUES ('77', 'f', '1975-06-18', '38', '1989-09-08 01:49:44', 'Tremblayfort');
INSERT INTO `profiles` (`users_id`, `gender`, `birthday`, `photo_id`, `created_at`, `hometown`) VALUES ('78', '', '2014-03-13', '37', '2003-12-03 03:05:25', 'Starkport');
INSERT INTO `profiles` (`users_id`, `gender`, `birthday`, `photo_id`, `created_at`, `hometown`) VALUES ('79', '', '2001-01-07', '83', '1973-09-20 15:56:29', 'Lake Beulahland');
INSERT INTO `profiles` (`users_id`, `gender`, `birthday`, `photo_id`, `created_at`, `hometown`) VALUES ('80', 'f', '2022-10-11', '51', '2010-11-29 07:45:58', 'Port Kathrynberg');
INSERT INTO `profiles` (`users_id`, `gender`, `birthday`, `photo_id`, `created_at`, `hometown`) VALUES ('81', '', '2014-01-05', '91', '1981-11-07 04:25:56', 'Treutelville');
INSERT INTO `profiles` (`users_id`, `gender`, `birthday`, `photo_id`, `created_at`, `hometown`) VALUES ('82', 'f', '1987-02-01', '18', '1975-04-11 17:11:50', 'Blakefurt');
INSERT INTO `profiles` (`users_id`, `gender`, `birthday`, `photo_id`, `created_at`, `hometown`) VALUES ('83', 'f', '1977-07-02', '64', '2011-08-17 07:33:36', 'Bartellland');
INSERT INTO `profiles` (`users_id`, `gender`, `birthday`, `photo_id`, `created_at`, `hometown`) VALUES ('84', 'f', '1992-12-01', '52', '1985-12-21 13:38:37', 'Gleichnerborough');
INSERT INTO `profiles` (`users_id`, `gender`, `birthday`, `photo_id`, `created_at`, `hometown`) VALUES ('85', '', '1999-10-23', '35', '2021-02-27 15:35:26', 'North Willafort');
INSERT INTO `profiles` (`users_id`, `gender`, `birthday`, `photo_id`, `created_at`, `hometown`) VALUES ('86', 'f', '1983-01-16', '79', '2011-02-21 18:56:25', 'Gerlachmouth');
INSERT INTO `profiles` (`users_id`, `gender`, `birthday`, `photo_id`, `created_at`, `hometown`) VALUES ('87', 'f', '1972-08-21', '18', '1973-07-10 18:24:32', 'West Marie');
INSERT INTO `profiles` (`users_id`, `gender`, `birthday`, `photo_id`, `created_at`, `hometown`) VALUES ('88', '', '1981-09-10', '23', '1973-10-31 16:39:55', 'West Roberthaven');
INSERT INTO `profiles` (`users_id`, `gender`, `birthday`, `photo_id`, `created_at`, `hometown`) VALUES ('89', '', '2001-12-28', '51', '1983-01-08 23:27:56', 'South Tomasborough');
INSERT INTO `profiles` (`users_id`, `gender`, `birthday`, `photo_id`, `created_at`, `hometown`) VALUES ('90', 'f', '2009-06-13', '42', '1991-03-28 11:23:58', 'Nolanhaven');
INSERT INTO `profiles` (`users_id`, `gender`, `birthday`, `photo_id`, `created_at`, `hometown`) VALUES ('91', '', '1992-09-22', '71', '1986-03-07 12:59:39', 'New Joanmouth');
INSERT INTO `profiles` (`users_id`, `gender`, `birthday`, `photo_id`, `created_at`, `hometown`) VALUES ('92', 'f', '2004-04-02', '33', '2004-12-02 16:00:13', 'Kiratown');
INSERT INTO `profiles` (`users_id`, `gender`, `birthday`, `photo_id`, `created_at`, `hometown`) VALUES ('93', 'f', '2006-01-08', '25', '2013-11-24 07:34:21', 'Antoinetteland');
INSERT INTO `profiles` (`users_id`, `gender`, `birthday`, `photo_id`, `created_at`, `hometown`) VALUES ('94', '', '1998-06-09', '78', '1983-08-15 07:12:53', 'Bruenfurt');
INSERT INTO `profiles` (`users_id`, `gender`, `birthday`, `photo_id`, `created_at`, `hometown`) VALUES ('95', 'f', '1990-06-29', '5', '2018-11-18 12:47:17', 'Francisstad');
INSERT INTO `profiles` (`users_id`, `gender`, `birthday`, `photo_id`, `created_at`, `hometown`) VALUES ('96', '', '2017-11-16', '23', '2005-02-14 14:46:36', 'Bednarburgh');
INSERT INTO `profiles` (`users_id`, `gender`, `birthday`, `photo_id`, `created_at`, `hometown`) VALUES ('97', '', '1985-10-24', '74', '1983-09-30 14:46:12', 'Ankundingstad');
INSERT INTO `profiles` (`users_id`, `gender`, `birthday`, `photo_id`, `created_at`, `hometown`) VALUES ('98', 'f', '2012-04-14', '26', '2001-01-02 02:33:51', 'Ornhaven');
INSERT INTO `profiles` (`users_id`, `gender`, `birthday`, `photo_id`, `created_at`, `hometown`) VALUES ('99', 'f', '2003-02-02', '55', '1995-09-06 10:31:40', 'Lake Danielle');
INSERT INTO `profiles` (`users_id`, `gender`, `birthday`, `photo_id`, `created_at`, `hometown`) VALUES ('100', '', '1991-01-19', '75', '2009-04-13 06:33:23', 'North Raymond');


#
# TABLE STRUCTURE FOR: users
#

DROP TABLE IF EXISTS `users`;

CREATE TABLE `users` (
  `id` bigint(20) unsigned NOT NULL AUTO_INCREMENT,
  `firstname` varchar(100) COLLATE utf8mb4_unicode_ci DEFAULT NULL,
  `lastname` varchar(100) COLLATE utf8mb4_unicode_ci DEFAULT NULL COMMENT '',
  `email` varchar(100) COLLATE utf8mb4_unicode_ci DEFAULT NULL,
  `password_hash` varchar(100) COLLATE utf8mb4_unicode_ci DEFAULT NULL,
  `phone` bigint(20) DEFAULT NULL,
  `is_deleted` bit(1) DEFAULT b'0',
  PRIMARY KEY (`id`),
  UNIQUE KEY `email` (`email`),
  KEY `users_firstname_lastname_idx` (`firstname`,`lastname`)
) ENGINE=InnoDB AUTO_INCREMENT=101 DEFAULT CHARSET=utf8mb4 COLLATE=utf8mb4_unicode_ci;

INSERT INTO `users` (`id`, `firstname`, `lastname`, `email`, `password_hash`, `phone`, `is_deleted`) VALUES ('1', 'Elyssa', 'Rogahn', 'trunolfsdottir@example.com', '0d5ee7286776bfed0319196c8bcae349a642b73f', '9450801274', '0');
INSERT INTO `users` (`id`, `firstname`, `lastname`, `email`, `password_hash`, `phone`, `is_deleted`) VALUES ('2', 'Esta', 'Hermiston', 'ubalistreri@example.org', 'e4269422ad195c9fe2ac10e8cc112ff04ed484ba', '9091918755', '1');
INSERT INTO `users` (`id`, `firstname`, `lastname`, `email`, `password_hash`, `phone`, `is_deleted`) VALUES ('3', 'Maybelle', 'Hudson', 'nathanial76@example.com', 'd609404742f58e56e975345ad2894646c18a2b45', '9580999673', '0');
INSERT INTO `users` (`id`, `firstname`, `lastname`, `email`, `password_hash`, `phone`, `is_deleted`) VALUES ('4', 'Gideon', 'Leuschke', 'cathrine11@example.net', '028b7e5238c5a609bd87891f30e46173003f8227', '9793842555', '0');
INSERT INTO `users` (`id`, `firstname`, `lastname`, `email`, `password_hash`, `phone`, `is_deleted`) VALUES ('5', 'Courtney', 'Kessler', 'mhamill@example.net', 'dcb346c5eb04f01f4096fbbaa110d8f683ccfa3b', '9690137213', '0');
INSERT INTO `users` (`id`, `firstname`, `lastname`, `email`, `password_hash`, `phone`, `is_deleted`) VALUES ('6', 'Cleo', 'Ledner', 'agustina.tillman@example.net', '12d5f790f2f906698ab1da38e8fd1e4958560f1b', '9106072513', '0');
INSERT INTO `users` (`id`, `firstname`, `lastname`, `email`, `password_hash`, `phone`, `is_deleted`) VALUES ('7', 'Creola', 'Marvin', 'kkub@example.org', '6e6fd7d91490b3308e9c6ab077db3855be7da32d', '9622207910', '0');
INSERT INTO `users` (`id`, `firstname`, `lastname`, `email`, `password_hash`, `phone`, `is_deleted`) VALUES ('8', 'Kiel', 'Langosh', 'isadore.schmeler@example.net', '5fd16611b0a5aebc5dd599b7f672d110670e3b72', '9631419159', '0');
INSERT INTO `users` (`id`, `firstname`, `lastname`, `email`, `password_hash`, `phone`, `is_deleted`) VALUES ('9', 'Danyka', 'Medhurst', 'simonis.neoma@example.net', '65a57443ea5bd8ff7215cbbc9b780bd45f3f7255', '9254087071', '0');
INSERT INTO `users` (`id`, `firstname`, `lastname`, `email`, `password_hash`, `phone`, `is_deleted`) VALUES ('10', 'Magdalena', 'Fritsch', 'sweber@example.org', '6ae918d6f734fd10272df602733b12c65ed4d021', '9896238085', '0');
INSERT INTO `users` (`id`, `firstname`, `lastname`, `email`, `password_hash`, `phone`, `is_deleted`) VALUES ('11', 'Elvie', 'Strosin', 'vandervort.christy@example.org', '3169b0f431bafcbc6bf73dbf63706e5931f5e0f5', '9678031907', '0');
INSERT INTO `users` (`id`, `firstname`, `lastname`, `email`, `password_hash`, `phone`, `is_deleted`) VALUES ('12', 'Krista', 'Shields', 'zlebsack@example.com', 'ebb0a6aef44ed8409d557e83e881bf27030d2b7b', '9152238294', '0');
INSERT INTO `users` (`id`, `firstname`, `lastname`, `email`, `password_hash`, `phone`, `is_deleted`) VALUES ('13', 'Kasandra', 'Schaden', 'funk.rebeca@example.net', '3b3f17347d5718d9d9e7087197f7b193eeb7f16a', '9481932271', '1');
INSERT INTO `users` (`id`, `firstname`, `lastname`, `email`, `password_hash`, `phone`, `is_deleted`) VALUES ('14', 'Adrien', 'Dietrich', 'metz.phyllis@example.com', '2e0f31336bcd9170aeaa8163d7855fbc612f7558', '9655753069', '0');
INSERT INTO `users` (`id`, `firstname`, `lastname`, `email`, `password_hash`, `phone`, `is_deleted`) VALUES ('15', 'Ansel', 'Toy', 'christop94@example.com', '2bd135f92f73c3ac778e023f6ec42812906a1875', '9178766348', '0');
INSERT INTO `users` (`id`, `firstname`, `lastname`, `email`, `password_hash`, `phone`, `is_deleted`) VALUES ('16', 'Theodore', 'Murray', 'davon.heidenreich@example.org', '8def84a6dc0f9c901069e67d7362f3a18c68310e', '9817831702', '0');
INSERT INTO `users` (`id`, `firstname`, `lastname`, `email`, `password_hash`, `phone`, `is_deleted`) VALUES ('17', 'Torrance', 'Carroll', 'flatley.enoch@example.org', '4cf5285dac58a4a540cc98ac69e64d1ddee1c8fc', '9668156945', '0');
INSERT INTO `users` (`id`, `firstname`, `lastname`, `email`, `password_hash`, `phone`, `is_deleted`) VALUES ('18', 'Reva', 'Daugherty', 'johan84@example.com', '3e1d38ab6897735ab38cadacfd629b16dfa95648', '9802810382', '0');
INSERT INTO `users` (`id`, `firstname`, `lastname`, `email`, `password_hash`, `phone`, `is_deleted`) VALUES ('19', 'Halle', 'Bode', 'eborer@example.org', '060918cc1873185f17b7ae97c1bbe816b2fe9aeb', '9244458433', '0');
INSERT INTO `users` (`id`, `firstname`, `lastname`, `email`, `password_hash`, `phone`, `is_deleted`) VALUES ('20', 'Shawna', 'Haley', 'marcos83@example.org', 'd8fa6523cf6a87c4567d927c64d96a9f7481a766', '9944555030', '0');
INSERT INTO `users` (`id`, `firstname`, `lastname`, `email`, `password_hash`, `phone`, `is_deleted`) VALUES ('21', 'Hilbert', 'Senger', 'whauck@example.org', '8ae3c424b6a690be4ff7c72d6c3d101564301282', '9669119358', '1');
INSERT INTO `users` (`id`, `firstname`, `lastname`, `email`, `password_hash`, `phone`, `is_deleted`) VALUES ('22', 'Electa', 'Donnelly', 'rprice@example.net', 'f1ff0417e9dea96ca6e44ef2d2b7947245d23882', '9656946656', '0');
INSERT INTO `users` (`id`, `firstname`, `lastname`, `email`, `password_hash`, `phone`, `is_deleted`) VALUES ('23', 'Norbert', 'Jast', 'schuster.jeramie@example.org', '82510e8132c5e56ecc3bd6ab0174dfd287801110', '9920211936', '0');
INSERT INTO `users` (`id`, `firstname`, `lastname`, `email`, `password_hash`, `phone`, `is_deleted`) VALUES ('24', 'Maximillian', 'McDermott', 'pcummerata@example.net', '50e0832d11f151ac03f43e0efef2cb79fe1c7215', '9269110415', '1');
INSERT INTO `users` (`id`, `firstname`, `lastname`, `email`, `password_hash`, `phone`, `is_deleted`) VALUES ('25', 'Suzanne', 'Dibbert', 'carmine64@example.net', '57ccf2cb41be42a947a61f06166620511cfa9697', '9399738091', '0');
INSERT INTO `users` (`id`, `firstname`, `lastname`, `email`, `password_hash`, `phone`, `is_deleted`) VALUES ('26', 'Felipa', 'Jerde', 'pasquale.braun@example.net', '0c9ac93eb9360ce0659e37aaa10a457a058f8236', '9663011754', '0');
INSERT INTO `users` (`id`, `firstname`, `lastname`, `email`, `password_hash`, `phone`, `is_deleted`) VALUES ('27', 'Destinee', 'Schaefer', 'opadberg@example.net', '0f3c4ce21fd5d4d2fcff920165dfcea9f46c9182', '9265685289', '0');
INSERT INTO `users` (`id`, `firstname`, `lastname`, `email`, `password_hash`, `phone`, `is_deleted`) VALUES ('28', 'Charley', 'Collier', 'jada86@example.com', 'd945fa65969d6b622426c3250c37a05c559b6508', '9931257544', '0');
INSERT INTO `users` (`id`, `firstname`, `lastname`, `email`, `password_hash`, `phone`, `is_deleted`) VALUES ('29', 'Alena', 'Steuber', 'sophia.bode@example.net', '2e0bd01c4799dd0ff18afe031948596e81064afd', '9116815326', '0');
INSERT INTO `users` (`id`, `firstname`, `lastname`, `email`, `password_hash`, `phone`, `is_deleted`) VALUES ('30', 'River', 'Schumm', 'ulockman@example.com', 'e1dd47989603e2b13e226ce750bdb6b2b495ae1f', '9102340204', '0');
INSERT INTO `users` (`id`, `firstname`, `lastname`, `email`, `password_hash`, `phone`, `is_deleted`) VALUES ('31', 'Kadin', 'Ondricka', 'dayton.keebler@example.net', '5f932bb148bc9afd96745161907f8facf6061c3f', '9177604031', '0');
INSERT INTO `users` (`id`, `firstname`, `lastname`, `email`, `password_hash`, `phone`, `is_deleted`) VALUES ('32', 'Cooper', 'Bradtke', 'ioberbrunner@example.net', '85288b5e7557861da6c229640c5b8ec010713e69', '9982424306', '0');
INSERT INTO `users` (`id`, `firstname`, `lastname`, `email`, `password_hash`, `phone`, `is_deleted`) VALUES ('33', 'Aileen', 'Nitzsche', 'vkertzmann@example.org', '3581df6c64fb64f71ab12347eaa75b993b5531cb', '9306838437', '0');
INSERT INTO `users` (`id`, `firstname`, `lastname`, `email`, `password_hash`, `phone`, `is_deleted`) VALUES ('34', 'Bethany', 'Johnston', 'altenwerth.estelle@example.net', 'fff38fbc75f9cea23c512ecc115021fb518276ef', '9511657991', '1');
INSERT INTO `users` (`id`, `firstname`, `lastname`, `email`, `password_hash`, `phone`, `is_deleted`) VALUES ('35', 'Layla', 'Hintz', 'torphy.josie@example.com', 'add12b746eb28ecac5cf8694c900f760272860db', '9484763209', '0');
INSERT INTO `users` (`id`, `firstname`, `lastname`, `email`, `password_hash`, `phone`, `is_deleted`) VALUES ('36', 'Nicklaus', 'Hyatt', 'norene.von@example.com', 'd6dd16b24bf9a8e3b6481308fe6ac719bb72438a', '9223627077', '1');
INSERT INTO `users` (`id`, `firstname`, `lastname`, `email`, `password_hash`, `phone`, `is_deleted`) VALUES ('37', 'Calista', 'Berge', 'bbartell@example.net', 'e53ec3151e112bd5d79b04a6951688b39bf36e15', '9955850214', '0');
INSERT INTO `users` (`id`, `firstname`, `lastname`, `email`, `password_hash`, `phone`, `is_deleted`) VALUES ('38', 'Osborne', 'Farrell', 'hegmann.george@example.com', '8072844f0eeaffb259c6f838605a5ad221a74b7a', '9965484831', '0');
INSERT INTO `users` (`id`, `firstname`, `lastname`, `email`, `password_hash`, `phone`, `is_deleted`) VALUES ('39', 'Kyler', 'Hessel', 'estrella.swaniawski@example.net', '7bab1890f7d7acd18fb6274ddf9bb458d63742d2', '9259735062', '0');
INSERT INTO `users` (`id`, `firstname`, `lastname`, `email`, `password_hash`, `phone`, `is_deleted`) VALUES ('40', 'Elton', 'Cassin', 'curt58@example.com', '9a3a0b7c92b4d28101faebdbf5cf3926efb7770b', '9722773733', '0');
INSERT INTO `users` (`id`, `firstname`, `lastname`, `email`, `password_hash`, `phone`, `is_deleted`) VALUES ('41', 'Cortez', 'Armstrong', 'kaci44@example.net', 'c9337b01ac5b3de438bd9393893e7994e2ec3896', '9199187145', '0');
INSERT INTO `users` (`id`, `firstname`, `lastname`, `email`, `password_hash`, `phone`, `is_deleted`) VALUES ('42', 'Vance', 'Towne', 'nhowell@example.net', '80b3c51ff669602e62d42bdcd0d4c89fd3a9645a', '9002294032', '1');
INSERT INTO `users` (`id`, `firstname`, `lastname`, `email`, `password_hash`, `phone`, `is_deleted`) VALUES ('43', 'Easter', 'Kerluke', 'gaylord.rosetta@example.org', '9cafa4edd0ef1d9f755c6572c4bbf76f116a7829', '9568754203', '0');
INSERT INTO `users` (`id`, `firstname`, `lastname`, `email`, `password_hash`, `phone`, `is_deleted`) VALUES ('44', 'Fernando', 'Hyatt', 'margarita.dicki@example.org', 'fbe04d1f2f1ede20492d2de64468c62a417aba5b', '9269134665', '0');
INSERT INTO `users` (`id`, `firstname`, `lastname`, `email`, `password_hash`, `phone`, `is_deleted`) VALUES ('45', 'Pamela', 'Wuckert', 'fabian.smith@example.org', 'eba460cbd4e3ac14bd9b2e9e688d3a707f243846', '9080383912', '0');
INSERT INTO `users` (`id`, `firstname`, `lastname`, `email`, `password_hash`, `phone`, `is_deleted`) VALUES ('46', 'Yvette', 'Franecki', 'clemmie73@example.com', '84dccf17e0fc2cca1c97a271bd657392b8077e97', '9492005367', '0');
INSERT INTO `users` (`id`, `firstname`, `lastname`, `email`, `password_hash`, `phone`, `is_deleted`) VALUES ('47', 'Kristofer', 'Hackett', 'ottis.schroeder@example.org', '1123ba647d384ec738f085c552761ca29817ae27', '9320027315', '0');
INSERT INTO `users` (`id`, `firstname`, `lastname`, `email`, `password_hash`, `phone`, `is_deleted`) VALUES ('48', 'Vita', 'Crist', 'lakin.adriel@example.org', '508de7d1188bcad26bcb810b5a487c408a9f5573', '9405845315', '0');
INSERT INTO `users` (`id`, `firstname`, `lastname`, `email`, `password_hash`, `phone`, `is_deleted`) VALUES ('49', 'Elmore', 'Davis', 'dach.stanton@example.org', 'e7f51ba10d794a75f3d4ba7212313facbc849bf0', '9089545558', '0');
INSERT INTO `users` (`id`, `firstname`, `lastname`, `email`, `password_hash`, `phone`, `is_deleted`) VALUES ('50', 'Ida', 'Konopelski', 'ubaldo60@example.net', '39f7830895fefb59ccf5d8dcaa99cb5ed51026c4', '9839587875', '0');
INSERT INTO `users` (`id`, `firstname`, `lastname`, `email`, `password_hash`, `phone`, `is_deleted`) VALUES ('51', 'Hoyt', 'Langworth', 'medhurst.eliezer@example.com', 'dbc2ea99507ef4389cda62d86cd28cd97cbf5e14', '9143755584', '0');
INSERT INTO `users` (`id`, `firstname`, `lastname`, `email`, `password_hash`, `phone`, `is_deleted`) VALUES ('52', 'Katelin', 'Rosenbaum', 'flarson@example.org', '4dfe09eb7f82d8859891b3e3e053cf19b1efbf8d', '9917149358', '0');
INSERT INTO `users` (`id`, `firstname`, `lastname`, `email`, `password_hash`, `phone`, `is_deleted`) VALUES ('53', 'Minnie', 'Kutch', 'zcarroll@example.net', 'f2cfd3f4ae775eb3320fb54f0c46b9d98ad45b4d', '9968848714', '0');
INSERT INTO `users` (`id`, `firstname`, `lastname`, `email`, `password_hash`, `phone`, `is_deleted`) VALUES ('54', 'Kristian', 'Kris', 'dwight.lueilwitz@example.com', 'e71ed14cd91ac4b75390206d561b6dfa79a62e39', '9837240006', '0');
INSERT INTO `users` (`id`, `firstname`, `lastname`, `email`, `password_hash`, `phone`, `is_deleted`) VALUES ('55', 'Mandy', 'Carroll', 'vkihn@example.net', '250c5a803c76308aa9b7b517df5bf61cffed711e', '9514554844', '0');
INSERT INTO `users` (`id`, `firstname`, `lastname`, `email`, `password_hash`, `phone`, `is_deleted`) VALUES ('56', 'Bryon', 'Bahringer', 'schoen.fiona@example.net', 'e8b80d557d1b5e32cb0990f52470af1e4e3eded8', '9826175885', '0');
INSERT INTO `users` (`id`, `firstname`, `lastname`, `email`, `password_hash`, `phone`, `is_deleted`) VALUES ('57', 'Jarrett', 'Goldner', 'maci.kreiger@example.org', '150c01ade5248d5a3cf4c47d55d957d39f0a74ed', '9932369548', '0');
INSERT INTO `users` (`id`, `firstname`, `lastname`, `email`, `password_hash`, `phone`, `is_deleted`) VALUES ('58', 'Lillian', 'Greenfelder', 'parisian.santa@example.org', '01bca1823264b05883b4b4c60f2d755dd3d822fd', '9784149597', '1');
INSERT INTO `users` (`id`, `firstname`, `lastname`, `email`, `password_hash`, `phone`, `is_deleted`) VALUES ('59', 'Maymie', 'Wiegand', 'kristofer21@example.org', 'ba870b7c739059079182d3e341c9e4b62566f864', '9830921211', '0');
INSERT INTO `users` (`id`, `firstname`, `lastname`, `email`, `password_hash`, `phone`, `is_deleted`) VALUES ('60', 'Claudie', 'Olson', 'wehner.julie@example.com', 'b2d5ab4ee5c425e080e0c66ae42fa2e7d17e5f47', '9576415759', '0');
INSERT INTO `users` (`id`, `firstname`, `lastname`, `email`, `password_hash`, `phone`, `is_deleted`) VALUES ('61', 'Rex', 'Boyer', 'phartmann@example.com', '192e960053ca8f7f542e7309217605833b77d622', '9268940639', '0');
INSERT INTO `users` (`id`, `firstname`, `lastname`, `email`, `password_hash`, `phone`, `is_deleted`) VALUES ('62', 'Shania', 'Jenkins', 'smitham.garett@example.com', '2c9e07cac7e11ab1755532787d20be02cf0d6854', '9758364006', '0');
INSERT INTO `users` (`id`, `firstname`, `lastname`, `email`, `password_hash`, `phone`, `is_deleted`) VALUES ('63', 'Milton', 'Goyette', 'espencer@example.com', 'c6cbdb7378e1aaa4b5e7566e5fa4736cf054825f', '9978552013', '1');
INSERT INTO `users` (`id`, `firstname`, `lastname`, `email`, `password_hash`, `phone`, `is_deleted`) VALUES ('64', 'Nathan', 'Crist', 'iwindler@example.net', 'a0defe7e85de5816de3f58c1aeaa39c908cb2233', '9362598684', '0');
INSERT INTO `users` (`id`, `firstname`, `lastname`, `email`, `password_hash`, `phone`, `is_deleted`) VALUES ('65', 'Asa', 'Gleason', 'jast.therese@example.org', '49caa7f463ed7cdea206a2b1bcb9380ecd1522f9', '9144866237', '0');
INSERT INTO `users` (`id`, `firstname`, `lastname`, `email`, `password_hash`, `phone`, `is_deleted`) VALUES ('66', 'Augusta', 'Willms', 'klein.anissa@example.net', '226a973ab67588df26d3e187c3442e5c9ed693d0', '9535869380', '0');
INSERT INTO `users` (`id`, `firstname`, `lastname`, `email`, `password_hash`, `phone`, `is_deleted`) VALUES ('67', 'Dario', 'Halvorson', 'alittle@example.net', '6a3f164c87a217829bd2166b993651c7a098a281', '9714806964', '0');
INSERT INTO `users` (`id`, `firstname`, `lastname`, `email`, `password_hash`, `phone`, `is_deleted`) VALUES ('68', 'Flavio', 'Heaney', 'maverick.labadie@example.org', '1bc3e5ecdd2a7d08993bc01b365b1c447a92f477', '9384196906', '0');
INSERT INTO `users` (`id`, `firstname`, `lastname`, `email`, `password_hash`, `phone`, `is_deleted`) VALUES ('69', 'Ambrose', 'Auer', 'collier.abdullah@example.net', '5e19a00c7f5a9d5f3167623c57190f7cff05fe2f', '9795084488', '0');
INSERT INTO `users` (`id`, `firstname`, `lastname`, `email`, `password_hash`, `phone`, `is_deleted`) VALUES ('70', 'Autumn', 'Pfannerstill', 'madisyn.collier@example.com', '15f9e56bc7b163e96100c2a528671bad5f3f1666', '9795814061', '0');
INSERT INTO `users` (`id`, `firstname`, `lastname`, `email`, `password_hash`, `phone`, `is_deleted`) VALUES ('71', 'General', 'Rice', 'gdouglas@example.com', 'e34115fc470c851c62f557e27f5f83e128ad43d0', '9977448562', '0');
INSERT INTO `users` (`id`, `firstname`, `lastname`, `email`, `password_hash`, `phone`, `is_deleted`) VALUES ('72', 'Jimmy', 'Aufderhar', 'kamryn65@example.com', 'a490dd73cfced58e2376b000c9d2a7b053a7302a', '9956491260', '1');
INSERT INTO `users` (`id`, `firstname`, `lastname`, `email`, `password_hash`, `phone`, `is_deleted`) VALUES ('73', 'Joan', 'Keeling', 'reina72@example.net', 'f6bd169eec249d271c44db77f1e241ca06d1eee5', '9147157550', '0');
INSERT INTO `users` (`id`, `firstname`, `lastname`, `email`, `password_hash`, `phone`, `is_deleted`) VALUES ('74', 'Agnes', 'Kuhn', 'fae69@example.net', '2ced7e88a7516094ff238ae165cb44b3cae98c72', '9164742087', '0');
INSERT INTO `users` (`id`, `firstname`, `lastname`, `email`, `password_hash`, `phone`, `is_deleted`) VALUES ('75', 'Jeffrey', 'Jast', 'johnnie91@example.com', 'b611b1c17d8bf2a4deff00208306aec18c22e28e', '9950124860', '0');
INSERT INTO `users` (`id`, `firstname`, `lastname`, `email`, `password_hash`, `phone`, `is_deleted`) VALUES ('76', 'Paul', 'Jast', 'beatrice15@example.org', 'e78a47bfd17093342a9eeb2a994534f4404dbb19', '9710042230', '0');
INSERT INTO `users` (`id`, `firstname`, `lastname`, `email`, `password_hash`, `phone`, `is_deleted`) VALUES ('77', 'Joshuah', 'Halvorson', 'makenzie.schulist@example.com', '9c453cf789f8ba64378f52436445d46860075170', '9768830553', '0');
INSERT INTO `users` (`id`, `firstname`, `lastname`, `email`, `password_hash`, `phone`, `is_deleted`) VALUES ('78', 'Zane', 'Ebert', 'bbaumbach@example.net', '643f680caf2f79bb1bbf2dd56adaf508dc074d63', '9139593694', '0');
INSERT INTO `users` (`id`, `firstname`, `lastname`, `email`, `password_hash`, `phone`, `is_deleted`) VALUES ('79', 'Margarett', 'Davis', 'elliot.monahan@example.com', '6b2f1c9b29dbff70c565f64c39e20fc780f2495d', '9251851156', '0');
INSERT INTO `users` (`id`, `firstname`, `lastname`, `email`, `password_hash`, `phone`, `is_deleted`) VALUES ('80', 'Justine', 'VonRueden', 'jacobi.addison@example.org', '2d2bbca63f9f637387850b0d16ddd1a50c0647d9', '9945070011', '0');
INSERT INTO `users` (`id`, `firstname`, `lastname`, `email`, `password_hash`, `phone`, `is_deleted`) VALUES ('81', 'Laila', 'Runte', 'gutmann.ruthie@example.net', '572591590302da6ecf781ba3faaf9366a0bf69e3', '9636639675', '0');
INSERT INTO `users` (`id`, `firstname`, `lastname`, `email`, `password_hash`, `phone`, `is_deleted`) VALUES ('82', 'Eleanore', 'Wintheiser', 'denis.kuhic@example.net', '137e9eadf16273b3ba8948777d6590a51c6a73dd', '9667844191', '0');
INSERT INTO `users` (`id`, `firstname`, `lastname`, `email`, `password_hash`, `phone`, `is_deleted`) VALUES ('83', 'Morgan', 'Paucek', 'prosacco.geovanny@example.org', 'd37419f84cd28308ad17f81f9f388e9004378c50', '9698906305', '0');
INSERT INTO `users` (`id`, `firstname`, `lastname`, `email`, `password_hash`, `phone`, `is_deleted`) VALUES ('84', 'Robert', 'Blanda', 'posinski@example.org', '286a47ab29f1c32c19783214212206743c82d192', '9480871821', '0');
INSERT INTO `users` (`id`, `firstname`, `lastname`, `email`, `password_hash`, `phone`, `is_deleted`) VALUES ('85', 'Carson', 'Bruen', 'izaiah.wisozk@example.net', '8b191550b6ec1aa806bb6d00ce004015a7142f0f', '9459702917', '0');
INSERT INTO `users` (`id`, `firstname`, `lastname`, `email`, `password_hash`, `phone`, `is_deleted`) VALUES ('86', 'Jany', 'Volkman', 'derick96@example.net', '642c9216fa625417e9e1de1f1aac189072ddfa40', '9768027172', '0');
INSERT INTO `users` (`id`, `firstname`, `lastname`, `email`, `password_hash`, `phone`, `is_deleted`) VALUES ('87', 'Karlee', 'Kemmer', 'hollie56@example.com', '7d76ea69fce066553e850c361a2e9b6c9d8b68ac', '9354983695', '0');
INSERT INTO `users` (`id`, `firstname`, `lastname`, `email`, `password_hash`, `phone`, `is_deleted`) VALUES ('88', 'Margarita', 'Gleichner', 'lester.o\'keefe@example.net', '324e13ffa01917d9db3a1543de1e94e57c612300', '9154621298', '0');
INSERT INTO `users` (`id`, `firstname`, `lastname`, `email`, `password_hash`, `phone`, `is_deleted`) VALUES ('89', 'Lauriane', 'Johns', 'nia.treutel@example.org', 'd4a8dbdad331f09964c53813b43c61182e0798e1', '9048202374', '0');
INSERT INTO `users` (`id`, `firstname`, `lastname`, `email`, `password_hash`, `phone`, `is_deleted`) VALUES ('90', 'Alford', 'Kovacek', 'luella.ledner@example.net', '57341bb3c15925f8215f2f67a3e13d215d3f961d', '9984166873', '0');
INSERT INTO `users` (`id`, `firstname`, `lastname`, `email`, `password_hash`, `phone`, `is_deleted`) VALUES ('91', 'Edwina', 'Mitchell', 'elton45@example.org', 'acad13dfadecf593bba99a9321828d0d31b90b1a', '9834662051', '0');
INSERT INTO `users` (`id`, `firstname`, `lastname`, `email`, `password_hash`, `phone`, `is_deleted`) VALUES ('92', 'Tito', 'Herman', 'fsporer@example.org', 'ba8774c9fc562bcbf2472887e5f283bc9bbdee6a', '9432211320', '0');
INSERT INTO `users` (`id`, `firstname`, `lastname`, `email`, `password_hash`, `phone`, `is_deleted`) VALUES ('93', 'Eldora', 'Mann', 'osvaldo.toy@example.com', 'bcadb0b3ed2883be5f8a92f8f191529d3f9b2253', '9532893917', '0');
INSERT INTO `users` (`id`, `firstname`, `lastname`, `email`, `password_hash`, `phone`, `is_deleted`) VALUES ('94', 'Trisha', 'Stark', 'auer.lelah@example.net', '400f6ea24d453843215496708a50177d6e3087e0', '9335549429', '1');
INSERT INTO `users` (`id`, `firstname`, `lastname`, `email`, `password_hash`, `phone`, `is_deleted`) VALUES ('95', 'Maryse', 'Blick', 'francisca41@example.net', '5d149d42f7f152b640742489124be8ccb9789fd1', '9135722009', '0');
INSERT INTO `users` (`id`, `firstname`, `lastname`, `email`, `password_hash`, `phone`, `is_deleted`) VALUES ('96', 'Marcelo', 'Marquardt', 'zelda21@example.com', 'a8d346a49685ab84241b68436cc288c12a012482', '9431012431', '0');
INSERT INTO `users` (`id`, `firstname`, `lastname`, `email`, `password_hash`, `phone`, `is_deleted`) VALUES ('97', 'Davonte', 'Oberbrunner', 'estelle.becker@example.org', '79b6f648064bbed16b6fcbdf931345f21175fdb7', '9960742452', '0');
INSERT INTO `users` (`id`, `firstname`, `lastname`, `email`, `password_hash`, `phone`, `is_deleted`) VALUES ('98', 'Donnell', 'Larson', 'thad.casper@example.org', '830f244b280e5ab535fed1f56a728ac7541f5384', '9825035812', '0');
INSERT INTO `users` (`id`, `firstname`, `lastname`, `email`, `password_hash`, `phone`, `is_deleted`) VALUES ('99', 'Breana', 'Yost', 'laisha16@example.org', '2ccd2e61f864f8bac6e527aa109d4240059a284b', '9476081362', '0');
INSERT INTO `users` (`id`, `firstname`, `lastname`, `email`, `password_hash`, `phone`, `is_deleted`) VALUES ('100', 'Estella', 'Stamm', 'kcronin@example.com', 'a8010a45f6256b1226ce061a5d5963bee6d47b19', '9802535548', '0');


