#
# TABLE STRUCTURE FOR: category_media
#

DROP TABLE IF EXISTS `category_media`;

CREATE TABLE `category_media` (
  `Category_id` int(11) NOT NULL AUTO_INCREMENT,
  `name` char(255) COLLATE utf8mb4_unicode_ci DEFAULT NULL,
  PRIMARY KEY (`Category_id`)
) ENGINE=InnoDB AUTO_INCREMENT=5 DEFAULT CHARSET=utf8mb4 COLLATE=utf8mb4_unicode_ci;

INSERT INTO `category_media` (`Category_id`, `name`) VALUES (1, 'quia');
INSERT INTO `category_media` (`Category_id`, `name`) VALUES (2, 'tenetur');
INSERT INTO `category_media` (`Category_id`, `name`) VALUES (3, 'libero');
INSERT INTO `category_media` (`Category_id`, `name`) VALUES (4, 'voluptatem');


#
# TABLE STRUCTURE FOR: channels
#

DROP TABLE IF EXISTS `channels`;

CREATE TABLE `channels` (
  `IdChannel` int(11) NOT NULL AUTO_INCREMENT,
  `Name` char(100) COLLATE utf8mb4_unicode_ci NOT NULL,
  `ChannelPhoto` char(100) COLLATE utf8mb4_unicode_ci DEFAULT NULL,
  PRIMARY KEY (`IdChannel`)
) ENGINE=InnoDB AUTO_INCREMENT=101 DEFAULT CHARSET=utf8mb4 COLLATE=utf8mb4_unicode_ci;

INSERT INTO `channels` (`IdChannel`, `Name`, `ChannelPhoto`) VALUES (1, 'quia', 'https://loremflickr.com/69/480/');
INSERT INTO `channels` (`IdChannel`, `Name`, `ChannelPhoto`) VALUES (2, 'fugiat', 'https://loremflickr.com/69/480/');
INSERT INTO `channels` (`IdChannel`, `Name`, `ChannelPhoto`) VALUES (3, 'quia', 'https://loremflickr.com/69/480/');
INSERT INTO `channels` (`IdChannel`, `Name`, `ChannelPhoto`) VALUES (4, 'consectetur', 'https://loremflickr.com/69/480/');
INSERT INTO `channels` (`IdChannel`, `Name`, `ChannelPhoto`) VALUES (5, 'officiis', 'https://loremflickr.com/69/480/');
INSERT INTO `channels` (`IdChannel`, `Name`, `ChannelPhoto`) VALUES (6, 'enim', 'https://loremflickr.com/69/480/');
INSERT INTO `channels` (`IdChannel`, `Name`, `ChannelPhoto`) VALUES (7, 'quibusdam', 'https://loremflickr.com/69/480/');
INSERT INTO `channels` (`IdChannel`, `Name`, `ChannelPhoto`) VALUES (8, 'ex', 'https://loremflickr.com/69/480/');
INSERT INTO `channels` (`IdChannel`, `Name`, `ChannelPhoto`) VALUES (9, 'quo', 'https://loremflickr.com/69/480/');
INSERT INTO `channels` (`IdChannel`, `Name`, `ChannelPhoto`) VALUES (10, 'dolores', 'https://loremflickr.com/69/480/');
INSERT INTO `channels` (`IdChannel`, `Name`, `ChannelPhoto`) VALUES (11, 'ad', 'https://loremflickr.com/69/480/');
INSERT INTO `channels` (`IdChannel`, `Name`, `ChannelPhoto`) VALUES (12, 'aliquid', 'https://loremflickr.com/69/480/');
INSERT INTO `channels` (`IdChannel`, `Name`, `ChannelPhoto`) VALUES (13, 'magni', 'https://loremflickr.com/69/480/');
INSERT INTO `channels` (`IdChannel`, `Name`, `ChannelPhoto`) VALUES (14, 'error', 'https://loremflickr.com/69/480/');
INSERT INTO `channels` (`IdChannel`, `Name`, `ChannelPhoto`) VALUES (15, 'suscipit', 'https://loremflickr.com/69/480/');
INSERT INTO `channels` (`IdChannel`, `Name`, `ChannelPhoto`) VALUES (16, 'minima', 'https://loremflickr.com/69/480/');
INSERT INTO `channels` (`IdChannel`, `Name`, `ChannelPhoto`) VALUES (17, 'aut', 'https://loremflickr.com/69/480/');
INSERT INTO `channels` (`IdChannel`, `Name`, `ChannelPhoto`) VALUES (18, 'et', 'https://loremflickr.com/69/480/');
INSERT INTO `channels` (`IdChannel`, `Name`, `ChannelPhoto`) VALUES (19, 'vel', 'https://loremflickr.com/69/480/');
INSERT INTO `channels` (`IdChannel`, `Name`, `ChannelPhoto`) VALUES (20, 'est', 'https://loremflickr.com/69/480/');
INSERT INTO `channels` (`IdChannel`, `Name`, `ChannelPhoto`) VALUES (21, 'facilis', 'https://loremflickr.com/69/480/');
INSERT INTO `channels` (`IdChannel`, `Name`, `ChannelPhoto`) VALUES (22, 'aperiam', 'https://loremflickr.com/69/480/');
INSERT INTO `channels` (`IdChannel`, `Name`, `ChannelPhoto`) VALUES (23, 'enim', 'https://loremflickr.com/69/480/');
INSERT INTO `channels` (`IdChannel`, `Name`, `ChannelPhoto`) VALUES (24, 'ut', 'https://loremflickr.com/69/480/');
INSERT INTO `channels` (`IdChannel`, `Name`, `ChannelPhoto`) VALUES (25, 'vitae', 'https://loremflickr.com/69/480/');
INSERT INTO `channels` (`IdChannel`, `Name`, `ChannelPhoto`) VALUES (26, 'facilis', 'https://loremflickr.com/69/480/');
INSERT INTO `channels` (`IdChannel`, `Name`, `ChannelPhoto`) VALUES (27, 'dolor', 'https://loremflickr.com/69/480/');
INSERT INTO `channels` (`IdChannel`, `Name`, `ChannelPhoto`) VALUES (28, 'sit', 'https://loremflickr.com/69/480/');
INSERT INTO `channels` (`IdChannel`, `Name`, `ChannelPhoto`) VALUES (29, 'ab', 'https://loremflickr.com/69/480/');
INSERT INTO `channels` (`IdChannel`, `Name`, `ChannelPhoto`) VALUES (30, 'quos', 'https://loremflickr.com/69/480/');
INSERT INTO `channels` (`IdChannel`, `Name`, `ChannelPhoto`) VALUES (31, 'non', 'https://loremflickr.com/69/480/');
INSERT INTO `channels` (`IdChannel`, `Name`, `ChannelPhoto`) VALUES (32, 'non', 'https://loremflickr.com/69/480/');
INSERT INTO `channels` (`IdChannel`, `Name`, `ChannelPhoto`) VALUES (33, 'laudantium', 'https://loremflickr.com/69/480/');
INSERT INTO `channels` (`IdChannel`, `Name`, `ChannelPhoto`) VALUES (34, 'voluptates', 'https://loremflickr.com/69/480/');
INSERT INTO `channels` (`IdChannel`, `Name`, `ChannelPhoto`) VALUES (35, 'facere', 'https://loremflickr.com/69/480/');
INSERT INTO `channels` (`IdChannel`, `Name`, `ChannelPhoto`) VALUES (36, 'eum', 'https://loremflickr.com/69/480/');
INSERT INTO `channels` (`IdChannel`, `Name`, `ChannelPhoto`) VALUES (37, 'incidunt', 'https://loremflickr.com/69/480/');
INSERT INTO `channels` (`IdChannel`, `Name`, `ChannelPhoto`) VALUES (38, 'autem', 'https://loremflickr.com/69/480/');
INSERT INTO `channels` (`IdChannel`, `Name`, `ChannelPhoto`) VALUES (39, 'soluta', 'https://loremflickr.com/69/480/');
INSERT INTO `channels` (`IdChannel`, `Name`, `ChannelPhoto`) VALUES (40, 'voluptates', 'https://loremflickr.com/69/480/');
INSERT INTO `channels` (`IdChannel`, `Name`, `ChannelPhoto`) VALUES (41, 'qui', 'https://loremflickr.com/69/480/');
INSERT INTO `channels` (`IdChannel`, `Name`, `ChannelPhoto`) VALUES (42, 'commodi', 'https://loremflickr.com/69/480/');
INSERT INTO `channels` (`IdChannel`, `Name`, `ChannelPhoto`) VALUES (43, 'ratione', 'https://loremflickr.com/69/480/');
INSERT INTO `channels` (`IdChannel`, `Name`, `ChannelPhoto`) VALUES (44, 'atque', 'https://loremflickr.com/69/480/');
INSERT INTO `channels` (`IdChannel`, `Name`, `ChannelPhoto`) VALUES (45, 'occaecati', 'https://loremflickr.com/69/480/');
INSERT INTO `channels` (`IdChannel`, `Name`, `ChannelPhoto`) VALUES (46, 'et', 'https://loremflickr.com/69/480/');
INSERT INTO `channels` (`IdChannel`, `Name`, `ChannelPhoto`) VALUES (47, 'deserunt', 'https://loremflickr.com/69/480/');
INSERT INTO `channels` (`IdChannel`, `Name`, `ChannelPhoto`) VALUES (48, 'voluptatibus', 'https://loremflickr.com/69/480/');
INSERT INTO `channels` (`IdChannel`, `Name`, `ChannelPhoto`) VALUES (49, 'similique', 'https://loremflickr.com/69/480/');
INSERT INTO `channels` (`IdChannel`, `Name`, `ChannelPhoto`) VALUES (50, 'corporis', 'https://loremflickr.com/69/480/');
INSERT INTO `channels` (`IdChannel`, `Name`, `ChannelPhoto`) VALUES (51, 'non', 'https://loremflickr.com/69/480/');
INSERT INTO `channels` (`IdChannel`, `Name`, `ChannelPhoto`) VALUES (52, 'exercitationem', 'https://loremflickr.com/69/480/');
INSERT INTO `channels` (`IdChannel`, `Name`, `ChannelPhoto`) VALUES (53, 'dicta', 'https://loremflickr.com/69/480/');
INSERT INTO `channels` (`IdChannel`, `Name`, `ChannelPhoto`) VALUES (54, 'velit', 'https://loremflickr.com/69/480/');
INSERT INTO `channels` (`IdChannel`, `Name`, `ChannelPhoto`) VALUES (55, 'voluptas', 'https://loremflickr.com/69/480/');
INSERT INTO `channels` (`IdChannel`, `Name`, `ChannelPhoto`) VALUES (56, 'nobis', 'https://loremflickr.com/69/480/');
INSERT INTO `channels` (`IdChannel`, `Name`, `ChannelPhoto`) VALUES (57, 'maxime', 'https://loremflickr.com/69/480/');
INSERT INTO `channels` (`IdChannel`, `Name`, `ChannelPhoto`) VALUES (58, 'expedita', 'https://loremflickr.com/69/480/');
INSERT INTO `channels` (`IdChannel`, `Name`, `ChannelPhoto`) VALUES (59, 'iusto', 'https://loremflickr.com/69/480/');
INSERT INTO `channels` (`IdChannel`, `Name`, `ChannelPhoto`) VALUES (60, 'veniam', 'https://loremflickr.com/69/480/');
INSERT INTO `channels` (`IdChannel`, `Name`, `ChannelPhoto`) VALUES (61, 'est', 'https://loremflickr.com/69/480/');
INSERT INTO `channels` (`IdChannel`, `Name`, `ChannelPhoto`) VALUES (62, 'temporibus', 'https://loremflickr.com/69/480/');
INSERT INTO `channels` (`IdChannel`, `Name`, `ChannelPhoto`) VALUES (63, 'nostrum', 'https://loremflickr.com/69/480/');
INSERT INTO `channels` (`IdChannel`, `Name`, `ChannelPhoto`) VALUES (64, 'possimus', 'https://loremflickr.com/69/480/');
INSERT INTO `channels` (`IdChannel`, `Name`, `ChannelPhoto`) VALUES (65, 'ab', 'https://loremflickr.com/69/480/');
INSERT INTO `channels` (`IdChannel`, `Name`, `ChannelPhoto`) VALUES (66, 'eligendi', 'https://loremflickr.com/69/480/');
INSERT INTO `channels` (`IdChannel`, `Name`, `ChannelPhoto`) VALUES (67, 'exercitationem', 'https://loremflickr.com/69/480/');
INSERT INTO `channels` (`IdChannel`, `Name`, `ChannelPhoto`) VALUES (68, 'et', 'https://loremflickr.com/69/480/');
INSERT INTO `channels` (`IdChannel`, `Name`, `ChannelPhoto`) VALUES (69, 'ut', 'https://loremflickr.com/69/480/');
INSERT INTO `channels` (`IdChannel`, `Name`, `ChannelPhoto`) VALUES (70, 'nam', 'https://loremflickr.com/69/480/');
INSERT INTO `channels` (`IdChannel`, `Name`, `ChannelPhoto`) VALUES (71, 'deleniti', 'https://loremflickr.com/69/480/');
INSERT INTO `channels` (`IdChannel`, `Name`, `ChannelPhoto`) VALUES (72, 'et', 'https://loremflickr.com/69/480/');
INSERT INTO `channels` (`IdChannel`, `Name`, `ChannelPhoto`) VALUES (73, 'debitis', 'https://loremflickr.com/69/480/');
INSERT INTO `channels` (`IdChannel`, `Name`, `ChannelPhoto`) VALUES (74, 'eaque', 'https://loremflickr.com/69/480/');
INSERT INTO `channels` (`IdChannel`, `Name`, `ChannelPhoto`) VALUES (75, 'atque', 'https://loremflickr.com/69/480/');
INSERT INTO `channels` (`IdChannel`, `Name`, `ChannelPhoto`) VALUES (76, 'natus', 'https://loremflickr.com/69/480/');
INSERT INTO `channels` (`IdChannel`, `Name`, `ChannelPhoto`) VALUES (77, 'impedit', 'https://loremflickr.com/69/480/');
INSERT INTO `channels` (`IdChannel`, `Name`, `ChannelPhoto`) VALUES (78, 'sit', 'https://loremflickr.com/69/480/');
INSERT INTO `channels` (`IdChannel`, `Name`, `ChannelPhoto`) VALUES (79, 'eligendi', 'https://loremflickr.com/69/480/');
INSERT INTO `channels` (`IdChannel`, `Name`, `ChannelPhoto`) VALUES (80, 'minus', 'https://loremflickr.com/69/480/');
INSERT INTO `channels` (`IdChannel`, `Name`, `ChannelPhoto`) VALUES (81, 'quae', 'https://loremflickr.com/69/480/');
INSERT INTO `channels` (`IdChannel`, `Name`, `ChannelPhoto`) VALUES (82, 'consequatur', 'https://loremflickr.com/69/480/');
INSERT INTO `channels` (`IdChannel`, `Name`, `ChannelPhoto`) VALUES (83, 'sit', 'https://loremflickr.com/69/480/');
INSERT INTO `channels` (`IdChannel`, `Name`, `ChannelPhoto`) VALUES (84, 'rerum', 'https://loremflickr.com/69/480/');
INSERT INTO `channels` (`IdChannel`, `Name`, `ChannelPhoto`) VALUES (85, 'ratione', 'https://loremflickr.com/69/480/');
INSERT INTO `channels` (`IdChannel`, `Name`, `ChannelPhoto`) VALUES (86, 'numquam', 'https://loremflickr.com/69/480/');
INSERT INTO `channels` (`IdChannel`, `Name`, `ChannelPhoto`) VALUES (87, 'et', 'https://loremflickr.com/69/480/');
INSERT INTO `channels` (`IdChannel`, `Name`, `ChannelPhoto`) VALUES (88, 'natus', 'https://loremflickr.com/69/480/');
INSERT INTO `channels` (`IdChannel`, `Name`, `ChannelPhoto`) VALUES (89, 'ducimus', 'https://loremflickr.com/69/480/');
INSERT INTO `channels` (`IdChannel`, `Name`, `ChannelPhoto`) VALUES (90, 'suscipit', 'https://loremflickr.com/69/480/');
INSERT INTO `channels` (`IdChannel`, `Name`, `ChannelPhoto`) VALUES (91, 'aut', 'https://loremflickr.com/69/480/');
INSERT INTO `channels` (`IdChannel`, `Name`, `ChannelPhoto`) VALUES (92, 'ad', 'https://loremflickr.com/69/480/');
INSERT INTO `channels` (`IdChannel`, `Name`, `ChannelPhoto`) VALUES (93, 'illum', 'https://loremflickr.com/69/480/');
INSERT INTO `channels` (`IdChannel`, `Name`, `ChannelPhoto`) VALUES (94, 'qui', 'https://loremflickr.com/69/480/');
INSERT INTO `channels` (`IdChannel`, `Name`, `ChannelPhoto`) VALUES (95, 'debitis', 'https://loremflickr.com/69/480/');
INSERT INTO `channels` (`IdChannel`, `Name`, `ChannelPhoto`) VALUES (96, 'ipsam', 'https://loremflickr.com/69/480/');
INSERT INTO `channels` (`IdChannel`, `Name`, `ChannelPhoto`) VALUES (97, 'incidunt', 'https://loremflickr.com/69/480/');
INSERT INTO `channels` (`IdChannel`, `Name`, `ChannelPhoto`) VALUES (98, 'sed', 'https://loremflickr.com/69/480/');
INSERT INTO `channels` (`IdChannel`, `Name`, `ChannelPhoto`) VALUES (99, 'quis', 'https://loremflickr.com/69/480/');
INSERT INTO `channels` (`IdChannel`, `Name`, `ChannelPhoto`) VALUES (100, 'debitis', 'https://loremflickr.com/69/480/');


#
# TABLE STRUCTURE FOR: media
#

DROP TABLE IF EXISTS `media`;

CREATE TABLE `media` (
  `Id_Media` int(11) NOT NULL AUTO_INCREMENT,
  `Category_id` int(11) NOT NULL,
  `URL` char(255) COLLATE utf8mb4_unicode_ci DEFAULT NULL,
  `Comment` text COLLATE utf8mb4_unicode_ci DEFAULT NULL,
  `User_Id` int(11) DEFAULT NULL,
  PRIMARY KEY (`Id_Media`),
  KEY `Category_id` (`Category_id`),
  KEY `User_Id` (`User_Id`),
  CONSTRAINT `User_Id` FOREIGN KEY (`User_Id`) REFERENCES `users` (`id`),
  CONSTRAINT `media_ibfk_1` FOREIGN KEY (`Category_id`) REFERENCES `category_media` (`Category_id`)
) ENGINE=InnoDB AUTO_INCREMENT=101 DEFAULT CHARSET=utf8mb4 COLLATE=utf8mb4_unicode_ci;

INSERT INTO `media` (`Id_Media`, `Category_id`, `URL`, `Comment`, `User_Id`) VALUES (1, 4, 'http://oconnerupton.com/', 'Enim illum expedita odio quia iure ut neque. Non occaecati error eum dolorum et nostrum. Eos ea amet a et. Officia sed ex et numquam qui.', 63);
INSERT INTO `media` (`Id_Media`, `Category_id`, `URL`, `Comment`, `User_Id`) VALUES (2, 1, 'http://cremin.info/', 'Porro et atque temporibus possimus est ut. Nulla totam eos sit at. Eum esse autem quod neque excepturi. Incidunt sequi explicabo vitae.', 59);
INSERT INTO `media` (`Id_Media`, `Category_id`, `URL`, `Comment`, `User_Id`) VALUES (3, 2, 'http://rodriguez.com/', 'Illo est enim blanditiis voluptates. Ut voluptas aut adipisci voluptatem excepturi similique incidunt fugit. Amet earum ut qui vitae et. Assumenda rem ex et.', 94);
INSERT INTO `media` (`Id_Media`, `Category_id`, `URL`, `Comment`, `User_Id`) VALUES (4, 1, 'http://www.ward.com/', 'In deserunt cupiditate voluptatibus laboriosam magnam. Quidem aut error aut ducimus in. Optio voluptatem optio delectus. Sint ratione quia odio expedita praesentium.', 49);
INSERT INTO `media` (`Id_Media`, `Category_id`, `URL`, `Comment`, `User_Id`) VALUES (5, 2, 'http://adamsgleason.net/', 'Deleniti enim qui incidunt dolore officia corrupti ea. Et amet distinctio qui voluptates hic a maiores eos. Voluptates consequuntur quo beatae porro distinctio in cum.', 37);
INSERT INTO `media` (`Id_Media`, `Category_id`, `URL`, `Comment`, `User_Id`) VALUES (6, 2, 'http://www.schimmel.info/', 'Consequatur iusto sint rerum aut alias neque. Dolorem aspernatur eveniet veritatis repudiandae nihil autem harum inventore. Asperiores modi ut cumque illo animi perferendis. Ut cumque est qui modi.', 14);
INSERT INTO `media` (`Id_Media`, `Category_id`, `URL`, `Comment`, `User_Id`) VALUES (7, 2, 'http://www.corwin.com/', 'Est neque ratione amet aut occaecati rerum in. Soluta ratione libero voluptatem dicta suscipit. A iusto velit omnis placeat placeat. Est suscipit quos vel accusamus officia. Sed vel incidunt suscipit magni aspernatur et.', 89);
INSERT INTO `media` (`Id_Media`, `Category_id`, `URL`, `Comment`, `User_Id`) VALUES (8, 1, 'http://howe.com/', 'Enim iste et ipsa ea architecto provident. Et occaecati quidem distinctio unde et. Nobis enim reiciendis praesentium quia recusandae. Non magni qui ducimus voluptatum.', 3);
INSERT INTO `media` (`Id_Media`, `Category_id`, `URL`, `Comment`, `User_Id`) VALUES (9, 3, 'http://wardbrekke.com/', 'Explicabo commodi quod et sed. Voluptatibus quidem placeat velit vero facere accusantium. Dolore quis qui alias possimus.', 79);
INSERT INTO `media` (`Id_Media`, `Category_id`, `URL`, `Comment`, `User_Id`) VALUES (10, 1, 'http://upton.org/', 'Illum culpa corrupti molestias. Ut perferendis fugit voluptatum repellendus dolor ut aut dolorem. Sit similique repellendus voluptatem id quasi accusantium accusamus.', 95);
INSERT INTO `media` (`Id_Media`, `Category_id`, `URL`, `Comment`, `User_Id`) VALUES (11, 4, 'http://rippinjacobi.com/', 'Numquam impedit similique labore beatae natus. Eum consequatur quo quis maiores a et dolorem. Laboriosam sit vitae tempore reiciendis dolorem sed provident aut.', 13);
INSERT INTO `media` (`Id_Media`, `Category_id`, `URL`, `Comment`, `User_Id`) VALUES (12, 2, 'http://www.corkerymorar.com/', 'Sunt facilis ad sunt minima culpa neque. Reiciendis doloribus qui voluptas non. Voluptate velit necessitatibus dolor dolor consequuntur. Dolorem laborum quo facilis quia possimus autem in.', 11);
INSERT INTO `media` (`Id_Media`, `Category_id`, `URL`, `Comment`, `User_Id`) VALUES (13, 4, 'http://skilesbreitenberg.com/', 'Nihil exercitationem eum architecto eius vel pariatur. Molestiae alias exercitationem et est quo.', 61);
INSERT INTO `media` (`Id_Media`, `Category_id`, `URL`, `Comment`, `User_Id`) VALUES (14, 4, 'http://marks.info/', 'Aut deserunt et dolorum repellendus qui. Nisi qui perspiciatis quo et nemo sunt unde. Ipsum amet eaque quia rerum accusamus fuga pariatur. Omnis sed nesciunt alias quaerat impedit debitis.', 41);
INSERT INTO `media` (`Id_Media`, `Category_id`, `URL`, `Comment`, `User_Id`) VALUES (15, 3, 'http://www.blick.info/', 'Nemo illo assumenda ad ut ab incidunt. Deleniti quos repellat sed. Eveniet inventore ullam velit soluta.', 7);
INSERT INTO `media` (`Id_Media`, `Category_id`, `URL`, `Comment`, `User_Id`) VALUES (16, 1, 'http://torpgaylord.com/', 'Provident et numquam sint quidem nam voluptates. Laboriosam iste debitis eum esse. Omnis ea et aliquid quam sequi. Cum enim eius tenetur quas doloribus.', 49);
INSERT INTO `media` (`Id_Media`, `Category_id`, `URL`, `Comment`, `User_Id`) VALUES (17, 1, 'http://www.reingerbradtke.info/', 'Deleniti dolorem et quis. Odio quo doloremque aut eligendi enim reprehenderit unde voluptatibus. Tenetur atque debitis facilis iste nihil. Et enim commodi quam.', 25);
INSERT INTO `media` (`Id_Media`, `Category_id`, `URL`, `Comment`, `User_Id`) VALUES (18, 1, 'http://bernierbrakus.com/', 'Tenetur blanditiis et est consequatur fugit ab. Ex non officiis fugiat non nihil est et.', 25);
INSERT INTO `media` (`Id_Media`, `Category_id`, `URL`, `Comment`, `User_Id`) VALUES (19, 1, 'http://www.jakubowski.com/', 'Aperiam voluptatibus ab expedita vero et. Vero quia magnam eos maiores. Cupiditate natus doloremque et minus eos provident.', 70);
INSERT INTO `media` (`Id_Media`, `Category_id`, `URL`, `Comment`, `User_Id`) VALUES (20, 4, 'http://www.hilpert.org/', 'Qui error est consequatur nihil nisi. Voluptatem sed reprehenderit perferendis dolores.', 69);
INSERT INTO `media` (`Id_Media`, `Category_id`, `URL`, `Comment`, `User_Id`) VALUES (21, 3, 'http://www.turner.com/', 'Est necessitatibus quidem at ipsam. At exercitationem exercitationem eligendi consequatur blanditiis. Qui veniam accusantium et exercitationem excepturi vel.', 49);
INSERT INTO `media` (`Id_Media`, `Category_id`, `URL`, `Comment`, `User_Id`) VALUES (22, 4, 'http://kunze.com/', 'Sequi rerum est iure facilis voluptatem similique qui. Ipsam quia praesentium ipsum animi magnam explicabo.', 97);
INSERT INTO `media` (`Id_Media`, `Category_id`, `URL`, `Comment`, `User_Id`) VALUES (23, 2, 'http://metz.info/', 'Voluptatum quidem doloremque ut eius eaque. Non quia dolores labore commodi quia numquam rerum. Doloremque reprehenderit fuga molestias porro sequi.', 100);
INSERT INTO `media` (`Id_Media`, `Category_id`, `URL`, `Comment`, `User_Id`) VALUES (24, 1, 'http://predovicdicki.info/', 'Dignissimos omnis corporis perspiciatis magnam vitae eum eius repudiandae. Iure repellat aut dolore laboriosam in. Sunt est consequuntur voluptas quia et unde aspernatur. Sunt tempora at cum quia deserunt qui doloremque.', 10);
INSERT INTO `media` (`Id_Media`, `Category_id`, `URL`, `Comment`, `User_Id`) VALUES (25, 2, 'http://jacobs.com/', 'Magnam sed corrupti nesciunt dolorem. Assumenda voluptatem esse quisquam saepe. Sunt deserunt dignissimos delectus dolores.', 4);
INSERT INTO `media` (`Id_Media`, `Category_id`, `URL`, `Comment`, `User_Id`) VALUES (26, 1, 'http://funkhuel.com/', 'Quia omnis adipisci maxime molestias voluptas rerum. Aliquid facere doloremque et enim. Nobis voluptas doloremque optio eius aut id error.', 75);
INSERT INTO `media` (`Id_Media`, `Category_id`, `URL`, `Comment`, `User_Id`) VALUES (27, 4, 'http://quitzon.com/', 'Doloremque voluptatem rerum quaerat eos voluptatem. Error dicta libero consequatur enim. Qui et quia dolor harum dolores. Eligendi ut eveniet tenetur placeat dicta ea explicabo sunt.', 78);
INSERT INTO `media` (`Id_Media`, `Category_id`, `URL`, `Comment`, `User_Id`) VALUES (28, 2, 'http://rohan.com/', 'Cum dolores eos vel. Reiciendis illo corrupti dolor ea provident. Dignissimos quia iusto enim incidunt aperiam.', 19);
INSERT INTO `media` (`Id_Media`, `Category_id`, `URL`, `Comment`, `User_Id`) VALUES (29, 2, 'http://www.breitenbergfeil.com/', 'Consequuntur culpa aut deleniti odit magni. Rem modi maxime reprehenderit consectetur.', 27);
INSERT INTO `media` (`Id_Media`, `Category_id`, `URL`, `Comment`, `User_Id`) VALUES (30, 3, 'http://stehr.com/', 'Quaerat autem possimus quis velit molestias eaque ipsa est. Velit quam voluptatem necessitatibus aperiam. Dolorem doloremque repudiandae dicta sed earum esse. Id perspiciatis dicta officia ad perferendis quia.', 66);
INSERT INTO `media` (`Id_Media`, `Category_id`, `URL`, `Comment`, `User_Id`) VALUES (31, 2, 'http://wuckertbuckridge.net/', 'Ut et nesciunt exercitationem in a. Est aut quisquam mollitia magnam ad necessitatibus earum. Doloribus tempore aspernatur doloremque enim. Voluptatem iste libero atque nemo.', 38);
INSERT INTO `media` (`Id_Media`, `Category_id`, `URL`, `Comment`, `User_Id`) VALUES (32, 3, 'http://moen.com/', 'Laboriosam laudantium consequatur aut ipsum eligendi. Est et doloremque similique molestiae atque. Voluptas vel porro laudantium dolor doloribus. Commodi repellat laudantium nisi ea in.', 97);
INSERT INTO `media` (`Id_Media`, `Category_id`, `URL`, `Comment`, `User_Id`) VALUES (33, 4, 'http://www.walsh.com/', 'Laborum totam itaque possimus facilis nobis sed. Temporibus pariatur officiis aut minus ullam. Aut enim in quis a. Libero expedita in quibusdam sint amet tempora.', 82);
INSERT INTO `media` (`Id_Media`, `Category_id`, `URL`, `Comment`, `User_Id`) VALUES (34, 4, 'http://www.dubuquefranecki.com/', 'Itaque illum asperiores veritatis suscipit eos laudantium. Voluptates molestiae ullam quia numquam illum. Voluptas autem ea quia eius qui.', 63);
INSERT INTO `media` (`Id_Media`, `Category_id`, `URL`, `Comment`, `User_Id`) VALUES (35, 4, 'http://eichmannwillms.com/', 'Quis tempore alias nihil quidem dolor. Blanditiis et rem quae distinctio quam. Nam placeat sed molestias aliquam et quam alias.', 31);
INSERT INTO `media` (`Id_Media`, `Category_id`, `URL`, `Comment`, `User_Id`) VALUES (36, 2, 'http://gulgowskidavis.com/', 'Laborum in omnis delectus ad voluptatem aut quo. Non et sit quasi id cumque officia error. Optio velit ut iusto. Voluptate consequuntur rerum pariatur fugit omnis dolores veniam.', 78);
INSERT INTO `media` (`Id_Media`, `Category_id`, `URL`, `Comment`, `User_Id`) VALUES (37, 3, 'http://www.towne.com/', 'Voluptate consectetur nam ut et doloribus sunt. Voluptas facere est dignissimos sequi enim optio. Rem blanditiis consequatur vel doloribus. Distinctio id voluptatem dolorem ullam doloremque quidem.', 68);
INSERT INTO `media` (`Id_Media`, `Category_id`, `URL`, `Comment`, `User_Id`) VALUES (38, 1, 'http://www.dickinson.net/', 'Veritatis qui voluptate alias saepe. Sed reiciendis sed totam voluptas consectetur incidunt. Sequi facere accusantium quia voluptate consequatur.', 46);
INSERT INTO `media` (`Id_Media`, `Category_id`, `URL`, `Comment`, `User_Id`) VALUES (39, 1, 'http://buckridge.org/', 'Dignissimos est accusamus molestias molestias molestias. Quae qui dolorum amet possimus sed ea quisquam. Commodi magni nihil aut deleniti aliquid facere quis quis.', 61);
INSERT INTO `media` (`Id_Media`, `Category_id`, `URL`, `Comment`, `User_Id`) VALUES (40, 3, 'http://www.harber.biz/', 'Veritatis possimus necessitatibus dignissimos ipsam dolores nisi. Atque quidem quaerat accusantium ad ut. Velit pariatur voluptas ipsum voluptas quae beatae optio nulla. Qui consequatur inventore illo earum et. Eos non eum pariatur distinctio.', 90);
INSERT INTO `media` (`Id_Media`, `Category_id`, `URL`, `Comment`, `User_Id`) VALUES (41, 1, 'http://orn.com/', 'Eius assumenda praesentium quasi et sapiente. Saepe rerum aut sunt. Repudiandae assumenda reprehenderit consequuntur est quia corrupti. Labore modi enim ut accusantium ullam architecto.', 93);
INSERT INTO `media` (`Id_Media`, `Category_id`, `URL`, `Comment`, `User_Id`) VALUES (42, 4, 'http://crooks.com/', 'Libero eum debitis pariatur distinctio aliquam non. Sapiente iusto dolores optio ea et omnis. Hic dolor in perferendis voluptas magni quia ut.', 69);
INSERT INTO `media` (`Id_Media`, `Category_id`, `URL`, `Comment`, `User_Id`) VALUES (43, 4, 'http://murazik.com/', 'Magni consequatur possimus quam atque reiciendis aut id. Qui dolor rem est autem. Velit consequatur et et dolores tenetur. Et omnis non sint et consequatur.', 62);
INSERT INTO `media` (`Id_Media`, `Category_id`, `URL`, `Comment`, `User_Id`) VALUES (44, 4, 'http://lockmanlegros.com/', 'Omnis commodi alias aliquam rerum ab. Itaque nulla et consequuntur expedita earum est ea. Dolorem deserunt placeat ut aut.', 16);
INSERT INTO `media` (`Id_Media`, `Category_id`, `URL`, `Comment`, `User_Id`) VALUES (45, 3, 'http://www.emmerich.com/', 'Est et minus laudantium mollitia rerum. Nihil a adipisci atque numquam aut ea. Consequuntur earum commodi asperiores accusamus commodi consequuntur.', 17);
INSERT INTO `media` (`Id_Media`, `Category_id`, `URL`, `Comment`, `User_Id`) VALUES (46, 1, 'http://murray.info/', 'Est laboriosam vero non quia iusto quibusdam sed cum. Corrupti consequuntur molestiae laudantium perferendis ratione omnis tempora. Odit facilis et impedit sit voluptas nostrum voluptatibus error.', 4);
INSERT INTO `media` (`Id_Media`, `Category_id`, `URL`, `Comment`, `User_Id`) VALUES (47, 1, 'http://wolff.info/', 'Nihil et deserunt ab. Perferendis labore delectus vel a iste est ex. Cum deleniti eum vero accusamus facere.', 89);
INSERT INTO `media` (`Id_Media`, `Category_id`, `URL`, `Comment`, `User_Id`) VALUES (48, 4, 'http://www.bosco.com/', 'Vel quia accusantium magnam maxime provident. Aliquid qui provident magni sed. In consectetur dolorem culpa cumque nam officiis asperiores.', 73);
INSERT INTO `media` (`Id_Media`, `Category_id`, `URL`, `Comment`, `User_Id`) VALUES (49, 2, 'http://lang.com/', 'Pariatur porro sunt et sit. Facere non molestias dolore vitae deleniti.', 23);
INSERT INTO `media` (`Id_Media`, `Category_id`, `URL`, `Comment`, `User_Id`) VALUES (50, 1, 'http://www.loweconnelly.org/', 'Est excepturi magni in sint. Qui quia quos voluptate pariatur quam vel dolorem. Numquam necessitatibus aut omnis consequatur quo. In officiis ut aspernatur voluptate temporibus.', 94);
INSERT INTO `media` (`Id_Media`, `Category_id`, `URL`, `Comment`, `User_Id`) VALUES (51, 3, 'http://www.pollichcarter.com/', 'Corrupti deleniti earum officia excepturi quia quod aliquid. Provident voluptatem quis quibusdam rerum velit. Cum ut expedita voluptatem ex dolorem aut est beatae. Totam quisquam esse ratione perferendis.', 46);
INSERT INTO `media` (`Id_Media`, `Category_id`, `URL`, `Comment`, `User_Id`) VALUES (52, 2, 'http://braun.org/', 'Nam temporibus commodi quia rerum voluptatem. Iure esse non provident nihil omnis vel. Ex quia voluptate ipsum itaque voluptatibus temporibus rerum. Accusantium culpa quo earum quia et sint voluptatibus.', 26);
INSERT INTO `media` (`Id_Media`, `Category_id`, `URL`, `Comment`, `User_Id`) VALUES (53, 1, 'http://www.russel.com/', 'Ad enim quod quasi tempore delectus delectus. Nihil numquam earum sunt fugiat.', 27);
INSERT INTO `media` (`Id_Media`, `Category_id`, `URL`, `Comment`, `User_Id`) VALUES (54, 4, 'http://marquardt.org/', 'Error quidem modi veniam et doloribus possimus reiciendis. Illo aut quasi quia beatae deserunt corrupti voluptas. Aliquam ea voluptatibus nisi sit libero. Reprehenderit nulla et beatae qui eveniet saepe.', 48);
INSERT INTO `media` (`Id_Media`, `Category_id`, `URL`, `Comment`, `User_Id`) VALUES (55, 3, 'http://mosciskimckenzie.net/', 'Qui ut hic quasi sit nulla est. Enim minima rem sit ea sint ex. Excepturi molestiae architecto dicta a voluptatum repudiandae eveniet.', 88);
INSERT INTO `media` (`Id_Media`, `Category_id`, `URL`, `Comment`, `User_Id`) VALUES (56, 2, 'http://www.jacobsonbreitenberg.com/', 'Hic illo atque hic voluptatem earum id. Ut facilis voluptatibus molestiae dicta. Temporibus et id dicta repellat dolorum sapiente ea.', 38);
INSERT INTO `media` (`Id_Media`, `Category_id`, `URL`, `Comment`, `User_Id`) VALUES (57, 2, 'http://www.kassulke.com/', 'Natus minima est et voluptatem. Doloribus dolor et voluptates necessitatibus labore. Vero fugiat ad libero ipsa.', 71);
INSERT INTO `media` (`Id_Media`, `Category_id`, `URL`, `Comment`, `User_Id`) VALUES (58, 2, 'http://www.keeling.com/', 'Eos nam et vero eius sunt maiores voluptates. Natus officia cumque molestiae. Velit minima aut saepe aliquam et. Impedit numquam minima eos suscipit dolorem consequuntur.', 53);
INSERT INTO `media` (`Id_Media`, `Category_id`, `URL`, `Comment`, `User_Id`) VALUES (59, 4, 'http://rogahn.com/', 'Occaecati doloribus sequi quia eaque consequatur possimus vero. Perferendis eos quos et rem inventore dolor blanditiis. Explicabo fugiat voluptas alias iure voluptatem nobis earum aut. Repudiandae commodi quod voluptatum sint laudantium voluptatum molestiae ut.', 62);
INSERT INTO `media` (`Id_Media`, `Category_id`, `URL`, `Comment`, `User_Id`) VALUES (60, 1, 'http://bergstromdubuque.com/', 'Officiis eius velit non quas aliquid maiores voluptas. Aut nam et quo delectus omnis. Porro ratione blanditiis nesciunt error doloribus totam optio.', 66);
INSERT INTO `media` (`Id_Media`, `Category_id`, `URL`, `Comment`, `User_Id`) VALUES (61, 4, 'http://osinskidamore.biz/', 'Nam provident voluptatem eaque facere est libero. Minima sint sequi illum sint minus tempore aspernatur est. Similique quae debitis quod hic nostrum molestiae.', 67);
INSERT INTO `media` (`Id_Media`, `Category_id`, `URL`, `Comment`, `User_Id`) VALUES (62, 1, 'http://schowalterbayer.com/', 'Sit aliquid doloremque veniam repellat. Molestiae odit cumque est molestias est omnis. Quo error debitis ducimus sit ratione. Voluptatibus aut incidunt iure distinctio.', 19);
INSERT INTO `media` (`Id_Media`, `Category_id`, `URL`, `Comment`, `User_Id`) VALUES (63, 1, 'http://www.abernathy.biz/', 'Molestiae qui et consequatur ut. Voluptas et omnis mollitia aliquam. Ipsam consequatur enim dolore ea atque fuga.', 14);
INSERT INTO `media` (`Id_Media`, `Category_id`, `URL`, `Comment`, `User_Id`) VALUES (64, 4, 'http://www.ullrichdicki.org/', 'Voluptate qui labore sunt sed nostrum commodi blanditiis. Magnam vitae tenetur non dolore. Quas cupiditate eos expedita sed iure sint nulla.', 38);
INSERT INTO `media` (`Id_Media`, `Category_id`, `URL`, `Comment`, `User_Id`) VALUES (65, 3, 'http://tillman.com/', 'Sit illo totam fugiat quibusdam. Veritatis minima quae temporibus fugit id sequi autem ullam. Assumenda consequatur ab nisi cumque eum quae.', 53);
INSERT INTO `media` (`Id_Media`, `Category_id`, `URL`, `Comment`, `User_Id`) VALUES (66, 2, 'http://www.kub.com/', 'Voluptatibus error et et distinctio dignissimos nihil. Amet pariatur quisquam ea molestias reiciendis suscipit dicta. Neque dolores rem iste similique sed repellendus repudiandae.', 88);
INSERT INTO `media` (`Id_Media`, `Category_id`, `URL`, `Comment`, `User_Id`) VALUES (67, 3, 'http://murraygottlieb.com/', 'Laudantium voluptatem dolores ut provident aut. Aut et porro animi modi id doloremque. Voluptate ea repudiandae qui occaecati ut ea aspernatur.', 42);
INSERT INTO `media` (`Id_Media`, `Category_id`, `URL`, `Comment`, `User_Id`) VALUES (68, 1, 'http://www.fadel.biz/', 'Alias et harum eligendi odit inventore. Sed non velit impedit est.', 39);
INSERT INTO `media` (`Id_Media`, `Category_id`, `URL`, `Comment`, `User_Id`) VALUES (69, 1, 'http://torphy.com/', 'Eveniet nostrum id quia alias doloremque. Commodi tempora voluptate ea. Molestiae iure ad voluptas aut consequatur quidem.', 84);
INSERT INTO `media` (`Id_Media`, `Category_id`, `URL`, `Comment`, `User_Id`) VALUES (70, 2, 'http://www.hoeger.biz/', 'Eaque voluptatem mollitia debitis modi. Quia rerum sed dolores voluptatem modi dolorem iusto. Ab voluptates nemo eum debitis accusamus veritatis. Unde numquam deleniti praesentium id at saepe.', 9);
INSERT INTO `media` (`Id_Media`, `Category_id`, `URL`, `Comment`, `User_Id`) VALUES (71, 2, 'http://www.hand.net/', 'Animi illo consequatur qui odio culpa amet quo. Et corrupti deserunt quam alias laborum voluptatibus modi.', 19);
INSERT INTO `media` (`Id_Media`, `Category_id`, `URL`, `Comment`, `User_Id`) VALUES (72, 4, 'http://wolffhintz.com/', 'Voluptates laborum voluptatibus quae. Recusandae aliquid et eveniet a repudiandae velit. Ut deserunt mollitia illum aperiam.', 73);
INSERT INTO `media` (`Id_Media`, `Category_id`, `URL`, `Comment`, `User_Id`) VALUES (73, 3, 'http://klockohudson.org/', 'Et vel eveniet in nobis voluptas. Officia quia voluptatem at ipsam. Omnis nostrum sed qui cupiditate vero. Itaque repudiandae ad commodi ut ut reiciendis.', 91);
INSERT INTO `media` (`Id_Media`, `Category_id`, `URL`, `Comment`, `User_Id`) VALUES (74, 4, 'http://mueller.com/', 'Suscipit et vel qui at. Et repellat neque et modi. Facilis et veritatis sequi. Nulla facere et ut est quae dolor impedit facilis.', 83);
INSERT INTO `media` (`Id_Media`, `Category_id`, `URL`, `Comment`, `User_Id`) VALUES (75, 2, 'http://stark.info/', 'Est id rerum voluptas eos provident. Neque ut officia ipsum.', 88);
INSERT INTO `media` (`Id_Media`, `Category_id`, `URL`, `Comment`, `User_Id`) VALUES (76, 3, 'http://www.nienowtoy.biz/', 'Iusto ab perspiciatis mollitia quasi. Non in et amet beatae rerum. Placeat omnis non dolorum praesentium deserunt excepturi cumque doloribus.', 8);
INSERT INTO `media` (`Id_Media`, `Category_id`, `URL`, `Comment`, `User_Id`) VALUES (77, 2, 'http://www.bayer.com/', 'Voluptatem minus sed distinctio aut commodi veritatis. Et et sit similique sit occaecati sint vel. Eveniet omnis consequatur quod beatae quis libero non.', 27);
INSERT INTO `media` (`Id_Media`, `Category_id`, `URL`, `Comment`, `User_Id`) VALUES (78, 1, 'http://www.hegmann.com/', 'Id qui laborum excepturi facere reprehenderit. Voluptas expedita ut rerum. Culpa quasi officia reiciendis velit.', 65);
INSERT INTO `media` (`Id_Media`, `Category_id`, `URL`, `Comment`, `User_Id`) VALUES (79, 3, 'http://nadertrantow.com/', 'Delectus et libero et sapiente qui nostrum. Odit harum ipsum tempora qui sed quaerat at. Iste corrupti rerum autem et quasi in debitis. Maxime est magni corrupti optio.', 31);
INSERT INTO `media` (`Id_Media`, `Category_id`, `URL`, `Comment`, `User_Id`) VALUES (80, 1, 'http://www.lemkemitchell.com/', 'Quia magnam ut rerum inventore ut perspiciatis et. Delectus nihil voluptatibus delectus aliquid molestias soluta qui. Inventore distinctio error cupiditate maiores autem magni sequi.', 5);
INSERT INTO `media` (`Id_Media`, `Category_id`, `URL`, `Comment`, `User_Id`) VALUES (81, 2, 'http://www.williamsonwatsica.com/', 'Ut ipsam dolor iste ex est sed quam. Et ut quam necessitatibus nulla accusamus iure. Quo consequatur autem consequatur ut itaque laudantium atque sed. Iure sit nostrum veniam sunt et.', 30);
INSERT INTO `media` (`Id_Media`, `Category_id`, `URL`, `Comment`, `User_Id`) VALUES (82, 2, 'http://www.wiegand.com/', 'Quia nisi tempora architecto culpa similique. Quam odio et voluptatibus fuga. Qui et atque ut. Dolores eum voluptatem minima dignissimos deserunt doloribus aut quis.', 91);
INSERT INTO `media` (`Id_Media`, `Category_id`, `URL`, `Comment`, `User_Id`) VALUES (83, 1, 'http://www.rogahn.com/', 'Fuga ducimus minus aut. Tenetur magni ad exercitationem. Non explicabo et veniam totam. Ut cumque et voluptatibus iste in rerum debitis quia.', 66);
INSERT INTO `media` (`Id_Media`, `Category_id`, `URL`, `Comment`, `User_Id`) VALUES (84, 4, 'http://nolan.net/', 'Quidem beatae dolores porro exercitationem omnis quos. Illo sed ea quibusdam dolorem. Soluta natus placeat eveniet.', 21);
INSERT INTO `media` (`Id_Media`, `Category_id`, `URL`, `Comment`, `User_Id`) VALUES (85, 2, 'http://murray.org/', 'Temporibus sequi debitis doloremque natus. Officia illo consequatur sed maxime temporibus sit. Nam est non et incidunt voluptatem facilis.', 59);
INSERT INTO `media` (`Id_Media`, `Category_id`, `URL`, `Comment`, `User_Id`) VALUES (86, 4, 'http://www.carterkeeling.com/', 'Eos sed maxime facere voluptatem assumenda qui molestias. Voluptates voluptas consequatur nemo ad. Et quod expedita maxime necessitatibus doloribus.', 90);
INSERT INTO `media` (`Id_Media`, `Category_id`, `URL`, `Comment`, `User_Id`) VALUES (87, 4, 'http://www.kessler.info/', 'Aut non voluptatem ut facere nam qui impedit. Amet dolores quidem aliquid. Beatae ab aut eveniet incidunt nemo illum.', 22);
INSERT INTO `media` (`Id_Media`, `Category_id`, `URL`, `Comment`, `User_Id`) VALUES (88, 3, 'http://boyerabernathy.info/', 'Qui iure ut dolor consequatur. Suscipit inventore accusamus consequatur in occaecati fuga. Nemo eos quasi laborum harum harum porro. Beatae voluptatibus consequatur mollitia laborum. Illum corporis ipsum dolor aut sit.', 6);
INSERT INTO `media` (`Id_Media`, `Category_id`, `URL`, `Comment`, `User_Id`) VALUES (89, 1, 'http://www.doyleratke.biz/', 'Voluptas qui ad fuga corrupti rerum numquam nisi. Iure nam et illum neque voluptas inventore officiis. Repellat saepe doloremque accusamus sed quo quia.', 51);
INSERT INTO `media` (`Id_Media`, `Category_id`, `URL`, `Comment`, `User_Id`) VALUES (90, 3, 'http://lakin.org/', 'Voluptates voluptas rerum voluptatem in. Minus consequatur enim autem est dolor quam voluptas in. Inventore aut quis rerum et. Debitis repudiandae dolorum aut aut veniam.', 40);
INSERT INTO `media` (`Id_Media`, `Category_id`, `URL`, `Comment`, `User_Id`) VALUES (91, 3, 'http://huels.com/', 'Impedit in quia et atque ab. Quis dolore non in. Aliquam voluptatem eum non temporibus aliquam. Sit dolorum laboriosam optio.', 28);
INSERT INTO `media` (`Id_Media`, `Category_id`, `URL`, `Comment`, `User_Id`) VALUES (92, 4, 'http://www.heathcote.com/', 'Impedit omnis non et adipisci sunt. Aliquam rerum deleniti culpa est libero similique temporibus. Voluptatem fugiat optio voluptatum esse.', 41);
INSERT INTO `media` (`Id_Media`, `Category_id`, `URL`, `Comment`, `User_Id`) VALUES (93, 3, 'http://www.willmspadberg.org/', 'Corrupti est possimus non. Sapiente voluptates consequatur non velit consequatur sunt. A soluta repudiandae quam omnis culpa libero non sed.', 76);
INSERT INTO `media` (`Id_Media`, `Category_id`, `URL`, `Comment`, `User_Id`) VALUES (94, 2, 'http://kozeyernser.com/', 'Assumenda minus eum quia non ut. A temporibus omnis ab aut delectus quis. Qui cumque qui pariatur a.', 75);
INSERT INTO `media` (`Id_Media`, `Category_id`, `URL`, `Comment`, `User_Id`) VALUES (95, 4, 'http://millslehner.info/', 'Quo voluptatum optio sunt omnis. Aut quae optio molestiae ut. Accusamus cumque dolores dolorum consequatur aliquid. Doloribus perspiciatis officia voluptatem beatae quasi laboriosam.', 37);
INSERT INTO `media` (`Id_Media`, `Category_id`, `URL`, `Comment`, `User_Id`) VALUES (96, 2, 'http://www.crooks.com/', 'Enim sequi eius veniam sit modi delectus saepe. Et laborum sint repudiandae. Dolores quis beatae unde quisquam et natus.', 30);
INSERT INTO `media` (`Id_Media`, `Category_id`, `URL`, `Comment`, `User_Id`) VALUES (97, 4, 'http://www.upton.com/', 'Asperiores qui dolor esse quas pariatur corrupti. Commodi sint rem est in. Dicta eos eum dolorum quas quas. Velit quasi qui non quo aut omnis necessitatibus nam. Eligendi aliquam mollitia quia et aut est corrupti.', 49);
INSERT INTO `media` (`Id_Media`, `Category_id`, `URL`, `Comment`, `User_Id`) VALUES (98, 4, 'http://gleichnerschimmel.com/', 'Aliquid consequatur animi molestiae qui. Modi consequatur nesciunt vero at earum harum. Accusantium temporibus ut dolor consequuntur aliquid sunt autem quod.', 43);
INSERT INTO `media` (`Id_Media`, `Category_id`, `URL`, `Comment`, `User_Id`) VALUES (99, 2, 'http://www.haley.com/', 'Molestiae quis quidem numquam earum excepturi ut dolorem. Numquam quos dolorem et quibusdam eos incidunt ullam. Accusantium omnis magni veniam ea.', 41);
INSERT INTO `media` (`Id_Media`, `Category_id`, `URL`, `Comment`, `User_Id`) VALUES (100, 2, 'http://www.doylehoeger.biz/', 'Maxime molestiae qui blanditiis iusto ut. Veniam est rerum autem et. Asperiores nulla labore itaque velit consequuntur error rerum deserunt. Nulla cupiditate a ea velit harum aut aut.', 20);


#
# TABLE STRUCTURE FOR: profile
#

DROP TABLE IF EXISTS `profile`;

CREATE TABLE `profile` (
  `Profile_Id` int(11) NOT NULL AUTO_INCREMENT,
  `UsersId` int(11) NOT NULL,
  `Username` char(100) COLLATE utf8mb4_unicode_ci NOT NULL,
  `Mail` char(100) COLLATE utf8mb4_unicode_ci NOT NULL,
  `My_channel` char(100) COLLATE utf8mb4_unicode_ci NOT NULL,
  PRIMARY KEY (`Profile_Id`),
  KEY `UsersId` (`UsersId`),
  CONSTRAINT `profile_ibfk_1` FOREIGN KEY (`UsersId`) REFERENCES `users` (`id`)
) ENGINE=InnoDB AUTO_INCREMENT=101 DEFAULT CHARSET=utf8mb4 COLLATE=utf8mb4_unicode_ci;

INSERT INTO `profile` (`Profile_Id`, `UsersId`, `Username`, `Mail`, `My_channel`) VALUES (1, 6, 'Nicola', 'bradly.brekke@example.org', 'bode.herta');
INSERT INTO `profile` (`Profile_Id`, `UsersId`, `Username`, `Mail`, `My_channel`) VALUES (2, 57, 'Loren', 'ericka61@example.com', 'beth69');
INSERT INTO `profile` (`Profile_Id`, `UsersId`, `Username`, `Mail`, `My_channel`) VALUES (3, 63, 'Corbin', 'anastasia40@example.net', 'raphaelle47');
INSERT INTO `profile` (`Profile_Id`, `UsersId`, `Username`, `Mail`, `My_channel`) VALUES (4, 9, 'Elian', 'kheidenreich@example.org', 'zelda.grimes');
INSERT INTO `profile` (`Profile_Id`, `UsersId`, `Username`, `Mail`, `My_channel`) VALUES (5, 30, 'Madilyn', 'schiller.vicenta@example.com', 'felton26');
INSERT INTO `profile` (`Profile_Id`, `UsersId`, `Username`, `Mail`, `My_channel`) VALUES (6, 2, 'Madie', 'vivian84@example.com', 'kris.kaleb');
INSERT INTO `profile` (`Profile_Id`, `UsersId`, `Username`, `Mail`, `My_channel`) VALUES (7, 98, 'Haskell', 'esther.witting@example.org', 'marshall48');
INSERT INTO `profile` (`Profile_Id`, `UsersId`, `Username`, `Mail`, `My_channel`) VALUES (8, 31, 'Magali', 'gerhold.lazaro@example.com', 'leannon.maureen');
INSERT INTO `profile` (`Profile_Id`, `UsersId`, `Username`, `Mail`, `My_channel`) VALUES (9, 4, 'Jaeden', 'jena40@example.org', 'igislason');
INSERT INTO `profile` (`Profile_Id`, `UsersId`, `Username`, `Mail`, `My_channel`) VALUES (10, 41, 'Celestino', 'tparisian@example.com', 'ibogisich');
INSERT INTO `profile` (`Profile_Id`, `UsersId`, `Username`, `Mail`, `My_channel`) VALUES (11, 6, 'Norberto', 'kovacek.myrtis@example.net', 'pthompson');
INSERT INTO `profile` (`Profile_Id`, `UsersId`, `Username`, `Mail`, `My_channel`) VALUES (12, 3, 'Taryn', 'dprohaska@example.org', 'aortiz');
INSERT INTO `profile` (`Profile_Id`, `UsersId`, `Username`, `Mail`, `My_channel`) VALUES (13, 41, 'Antoinette', 'aankunding@example.org', 'lauriane.sanford');
INSERT INTO `profile` (`Profile_Id`, `UsersId`, `Username`, `Mail`, `My_channel`) VALUES (14, 53, 'Karelle', 'kroob@example.com', 'gladyce.turcotte');
INSERT INTO `profile` (`Profile_Id`, `UsersId`, `Username`, `Mail`, `My_channel`) VALUES (15, 90, 'Floy', 'carmel63@example.org', 'kristoffer52');
INSERT INTO `profile` (`Profile_Id`, `UsersId`, `Username`, `Mail`, `My_channel`) VALUES (16, 99, 'Shawn', 'lonny25@example.org', 'joana51');
INSERT INTO `profile` (`Profile_Id`, `UsersId`, `Username`, `Mail`, `My_channel`) VALUES (17, 96, 'Rachel', 'kub.keith@example.org', 'pacocha.dulce');
INSERT INTO `profile` (`Profile_Id`, `UsersId`, `Username`, `Mail`, `My_channel`) VALUES (18, 62, 'Adrienne', 'jesus.herzog@example.com', 'julio38');
INSERT INTO `profile` (`Profile_Id`, `UsersId`, `Username`, `Mail`, `My_channel`) VALUES (19, 85, 'Brenda', 'melisa58@example.net', 'ukuphal');
INSERT INTO `profile` (`Profile_Id`, `UsersId`, `Username`, `Mail`, `My_channel`) VALUES (20, 85, 'Eloy', 'xbradtke@example.net', 'harris.dell');
INSERT INTO `profile` (`Profile_Id`, `UsersId`, `Username`, `Mail`, `My_channel`) VALUES (21, 10, 'Edd', 'metz.berniece@example.com', 'myrtle.auer');
INSERT INTO `profile` (`Profile_Id`, `UsersId`, `Username`, `Mail`, `My_channel`) VALUES (22, 69, 'Geovany', 'zoe.stokes@example.org', 'karelle.zboncak');
INSERT INTO `profile` (`Profile_Id`, `UsersId`, `Username`, `Mail`, `My_channel`) VALUES (23, 15, 'Autumn', 'pkuhic@example.net', 'willis09');
INSERT INTO `profile` (`Profile_Id`, `UsersId`, `Username`, `Mail`, `My_channel`) VALUES (24, 92, 'Mazie', 'condricka@example.net', 'lebsack.martine');
INSERT INTO `profile` (`Profile_Id`, `UsersId`, `Username`, `Mail`, `My_channel`) VALUES (25, 57, 'Jamaal', 'cfisher@example.com', 'myrl.rippin');
INSERT INTO `profile` (`Profile_Id`, `UsersId`, `Username`, `Mail`, `My_channel`) VALUES (26, 53, 'Orrin', 'tyree.white@example.net', 'fmueller');
INSERT INTO `profile` (`Profile_Id`, `UsersId`, `Username`, `Mail`, `My_channel`) VALUES (27, 54, 'Cristopher', 'zryan@example.net', 'berneice69');
INSERT INTO `profile` (`Profile_Id`, `UsersId`, `Username`, `Mail`, `My_channel`) VALUES (28, 56, 'Thalia', 'ibode@example.net', 'monroe.halvorson');
INSERT INTO `profile` (`Profile_Id`, `UsersId`, `Username`, `Mail`, `My_channel`) VALUES (29, 97, 'Cierra', 'wbernier@example.com', 'peter.kessler');
INSERT INTO `profile` (`Profile_Id`, `UsersId`, `Username`, `Mail`, `My_channel`) VALUES (30, 94, 'Alfreda', 'sonya.roberts@example.net', 'murphy.darrick');
INSERT INTO `profile` (`Profile_Id`, `UsersId`, `Username`, `Mail`, `My_channel`) VALUES (31, 31, 'Korbin', 'ddickens@example.net', 'hgrant');
INSERT INTO `profile` (`Profile_Id`, `UsersId`, `Username`, `Mail`, `My_channel`) VALUES (32, 18, 'Hyman', 'martina.labadie@example.com', 'lcruickshank');
INSERT INTO `profile` (`Profile_Id`, `UsersId`, `Username`, `Mail`, `My_channel`) VALUES (33, 81, 'Karen', 'adrianna78@example.org', 'gschoen');
INSERT INTO `profile` (`Profile_Id`, `UsersId`, `Username`, `Mail`, `My_channel`) VALUES (34, 93, 'Stone', 'sylvia.smith@example.org', 'larkin.deborah');
INSERT INTO `profile` (`Profile_Id`, `UsersId`, `Username`, `Mail`, `My_channel`) VALUES (35, 96, 'Marilou', 'syble50@example.org', 'skiles.eliza');
INSERT INTO `profile` (`Profile_Id`, `UsersId`, `Username`, `Mail`, `My_channel`) VALUES (36, 38, 'Walton', 'miller.kennith@example.net', 'krajcik.greg');
INSERT INTO `profile` (`Profile_Id`, `UsersId`, `Username`, `Mail`, `My_channel`) VALUES (37, 10, 'Magdalen', 'wisoky.hailey@example.org', 'nschmidt');
INSERT INTO `profile` (`Profile_Id`, `UsersId`, `Username`, `Mail`, `My_channel`) VALUES (38, 19, 'Claude', 'azboncak@example.org', 'pascale.wisoky');
INSERT INTO `profile` (`Profile_Id`, `UsersId`, `Username`, `Mail`, `My_channel`) VALUES (39, 25, 'Ebony', 'cassidy45@example.org', 'marilie34');
INSERT INTO `profile` (`Profile_Id`, `UsersId`, `Username`, `Mail`, `My_channel`) VALUES (40, 59, 'Ruben', 'urban48@example.org', 'sammy.carter');
INSERT INTO `profile` (`Profile_Id`, `UsersId`, `Username`, `Mail`, `My_channel`) VALUES (41, 84, 'Kaleigh', 'connie15@example.org', 'pagac.adelbert');
INSERT INTO `profile` (`Profile_Id`, `UsersId`, `Username`, `Mail`, `My_channel`) VALUES (42, 46, 'Minerva', 'schaden.kimberly@example.org', 'ledner.chaz');
INSERT INTO `profile` (`Profile_Id`, `UsersId`, `Username`, `Mail`, `My_channel`) VALUES (43, 15, 'Nicolas', 'mafalda18@example.org', 'larkin.vincent');
INSERT INTO `profile` (`Profile_Id`, `UsersId`, `Username`, `Mail`, `My_channel`) VALUES (44, 26, 'Efren', 'friesen.irving@example.org', 'gregory46');
INSERT INTO `profile` (`Profile_Id`, `UsersId`, `Username`, `Mail`, `My_channel`) VALUES (45, 71, 'Johnnie', 'jennie.predovic@example.com', 'itzel86');
INSERT INTO `profile` (`Profile_Id`, `UsersId`, `Username`, `Mail`, `My_channel`) VALUES (46, 6, 'Guiseppe', 'blanda.ophelia@example.net', 'blanda.lempi');
INSERT INTO `profile` (`Profile_Id`, `UsersId`, `Username`, `Mail`, `My_channel`) VALUES (47, 56, 'Rafael', 'eliezer.nikolaus@example.com', 'hauck.jamir');
INSERT INTO `profile` (`Profile_Id`, `UsersId`, `Username`, `Mail`, `My_channel`) VALUES (48, 90, 'Alvina', 'abernathy.jairo@example.net', 'charlotte33');
INSERT INTO `profile` (`Profile_Id`, `UsersId`, `Username`, `Mail`, `My_channel`) VALUES (49, 92, 'Erick', 'fshanahan@example.com', 'hudson.rosalinda');
INSERT INTO `profile` (`Profile_Id`, `UsersId`, `Username`, `Mail`, `My_channel`) VALUES (50, 17, 'Marielle', 'gzulauf@example.net', 'chadrick55');
INSERT INTO `profile` (`Profile_Id`, `UsersId`, `Username`, `Mail`, `My_channel`) VALUES (51, 31, 'Evan', 'brandy22@example.com', 'pearlie.kertzmann');
INSERT INTO `profile` (`Profile_Id`, `UsersId`, `Username`, `Mail`, `My_channel`) VALUES (52, 49, 'Agustina', 'langosh.genesis@example.org', 'jaqueline24');
INSERT INTO `profile` (`Profile_Id`, `UsersId`, `Username`, `Mail`, `My_channel`) VALUES (53, 5, 'Emely', 'alexandre22@example.net', 'ihermiston');
INSERT INTO `profile` (`Profile_Id`, `UsersId`, `Username`, `Mail`, `My_channel`) VALUES (54, 93, 'Robb', 'dimitri43@example.net', 'bauch.beulah');
INSERT INTO `profile` (`Profile_Id`, `UsersId`, `Username`, `Mail`, `My_channel`) VALUES (55, 60, 'Wilfred', 'tremblay.fern@example.org', 'rusty77');
INSERT INTO `profile` (`Profile_Id`, `UsersId`, `Username`, `Mail`, `My_channel`) VALUES (56, 20, 'Martin', 'kaylie.o\'connell@example.net', 'raina.kuphal');
INSERT INTO `profile` (`Profile_Id`, `UsersId`, `Username`, `Mail`, `My_channel`) VALUES (57, 3, 'Korbin', 'dickens.deanna@example.net', 'krista81');
INSERT INTO `profile` (`Profile_Id`, `UsersId`, `Username`, `Mail`, `My_channel`) VALUES (58, 2, 'Catherine', 'mara.leffler@example.com', 'dianna.walker');
INSERT INTO `profile` (`Profile_Id`, `UsersId`, `Username`, `Mail`, `My_channel`) VALUES (59, 91, 'Germaine', 'maryjane.rice@example.net', 'jena.conn');
INSERT INTO `profile` (`Profile_Id`, `UsersId`, `Username`, `Mail`, `My_channel`) VALUES (60, 70, 'Roderick', 'rolfson.gavin@example.net', 'davion76');
INSERT INTO `profile` (`Profile_Id`, `UsersId`, `Username`, `Mail`, `My_channel`) VALUES (61, 11, 'Josianne', 'schumm.rod@example.com', 'gottlieb.sophie');
INSERT INTO `profile` (`Profile_Id`, `UsersId`, `Username`, `Mail`, `My_channel`) VALUES (62, 57, 'Jennyfer', 'daugherty.cali@example.org', 'xavier.roob');
INSERT INTO `profile` (`Profile_Id`, `UsersId`, `Username`, `Mail`, `My_channel`) VALUES (63, 25, 'Delaney', 'bschumm@example.com', 'sipes.derick');
INSERT INTO `profile` (`Profile_Id`, `UsersId`, `Username`, `Mail`, `My_channel`) VALUES (64, 46, 'Stephen', 'elmira.wehner@example.org', 'jean.jaskolski');
INSERT INTO `profile` (`Profile_Id`, `UsersId`, `Username`, `Mail`, `My_channel`) VALUES (65, 15, 'Tabitha', 'roberts.lexus@example.org', 'ebert.lavern');
INSERT INTO `profile` (`Profile_Id`, `UsersId`, `Username`, `Mail`, `My_channel`) VALUES (66, 30, 'Dayton', 'loyal.kuhn@example.org', 'skiles.ernesto');
INSERT INTO `profile` (`Profile_Id`, `UsersId`, `Username`, `Mail`, `My_channel`) VALUES (67, 43, 'Deontae', 'jaron14@example.org', 'yklein');
INSERT INTO `profile` (`Profile_Id`, `UsersId`, `Username`, `Mail`, `My_channel`) VALUES (68, 38, 'Carson', 'dion.hintz@example.net', 'stephania56');
INSERT INTO `profile` (`Profile_Id`, `UsersId`, `Username`, `Mail`, `My_channel`) VALUES (69, 93, 'Carmela', 'trent.pagac@example.org', 'arnulfo54');
INSERT INTO `profile` (`Profile_Id`, `UsersId`, `Username`, `Mail`, `My_channel`) VALUES (70, 40, 'Oda', 'kuhic.rodolfo@example.org', 'zjast');
INSERT INTO `profile` (`Profile_Id`, `UsersId`, `Username`, `Mail`, `My_channel`) VALUES (71, 18, 'Ryley', 'wnitzsche@example.org', 'friesen.rodger');
INSERT INTO `profile` (`Profile_Id`, `UsersId`, `Username`, `Mail`, `My_channel`) VALUES (72, 19, 'Marlene', 'cruickshank.marcelino@example.net', 'mjohnston');
INSERT INTO `profile` (`Profile_Id`, `UsersId`, `Username`, `Mail`, `My_channel`) VALUES (73, 97, 'Dejah', 'georgette45@example.net', 'hauck.jarvis');
INSERT INTO `profile` (`Profile_Id`, `UsersId`, `Username`, `Mail`, `My_channel`) VALUES (74, 43, 'Katarina', 'adah93@example.com', 'rodrigo43');
INSERT INTO `profile` (`Profile_Id`, `UsersId`, `Username`, `Mail`, `My_channel`) VALUES (75, 15, 'Kian', 'xbrakus@example.org', 'weston93');
INSERT INTO `profile` (`Profile_Id`, `UsersId`, `Username`, `Mail`, `My_channel`) VALUES (76, 45, 'Kevon', 'pagac.marilou@example.com', 'streich.sally');
INSERT INTO `profile` (`Profile_Id`, `UsersId`, `Username`, `Mail`, `My_channel`) VALUES (77, 83, 'Ressie', 'hackett.tamia@example.net', 'sharon.o\'kon');
INSERT INTO `profile` (`Profile_Id`, `UsersId`, `Username`, `Mail`, `My_channel`) VALUES (78, 64, 'Rebeca', 'vmedhurst@example.net', 'bradtke.kennedi');
INSERT INTO `profile` (`Profile_Id`, `UsersId`, `Username`, `Mail`, `My_channel`) VALUES (79, 4, 'Maximo', 'pconnelly@example.com', 'torp.sandy');
INSERT INTO `profile` (`Profile_Id`, `UsersId`, `Username`, `Mail`, `My_channel`) VALUES (80, 70, 'Ken', 'joy.o\'connell@example.net', 'kohler.eudora');
INSERT INTO `profile` (`Profile_Id`, `UsersId`, `Username`, `Mail`, `My_channel`) VALUES (81, 80, 'Charlie', 'herdman@example.com', 'halvorson.marcelino');
INSERT INTO `profile` (`Profile_Id`, `UsersId`, `Username`, `Mail`, `My_channel`) VALUES (82, 64, 'Maiya', 'oswald41@example.org', 'brekke.eve');
INSERT INTO `profile` (`Profile_Id`, `UsersId`, `Username`, `Mail`, `My_channel`) VALUES (83, 17, 'Ettie', 'padberg.hank@example.org', 'macie30');
INSERT INTO `profile` (`Profile_Id`, `UsersId`, `Username`, `Mail`, `My_channel`) VALUES (84, 88, 'Damion', 'mae.vonrueden@example.org', 'bednar.rosendo');
INSERT INTO `profile` (`Profile_Id`, `UsersId`, `Username`, `Mail`, `My_channel`) VALUES (85, 56, 'Hillary', 'kitty.powlowski@example.org', 'kristin33');
INSERT INTO `profile` (`Profile_Id`, `UsersId`, `Username`, `Mail`, `My_channel`) VALUES (86, 58, 'Scot', 'yasmine97@example.com', 'filiberto91');
INSERT INTO `profile` (`Profile_Id`, `UsersId`, `Username`, `Mail`, `My_channel`) VALUES (87, 73, 'Solon', 'rjerde@example.com', 'jaquelin.nienow');
INSERT INTO `profile` (`Profile_Id`, `UsersId`, `Username`, `Mail`, `My_channel`) VALUES (88, 2, 'Oswald', 'gusikowski.estel@example.com', 'serena21');
INSERT INTO `profile` (`Profile_Id`, `UsersId`, `Username`, `Mail`, `My_channel`) VALUES (89, 17, 'Wyman', 'loren53@example.net', 'umccullough');
INSERT INTO `profile` (`Profile_Id`, `UsersId`, `Username`, `Mail`, `My_channel`) VALUES (90, 39, 'Eileen', 'fhamill@example.com', 'tamara92');
INSERT INTO `profile` (`Profile_Id`, `UsersId`, `Username`, `Mail`, `My_channel`) VALUES (91, 29, 'Kaya', 'kunze.lazaro@example.net', 'skling');
INSERT INTO `profile` (`Profile_Id`, `UsersId`, `Username`, `Mail`, `My_channel`) VALUES (92, 49, 'Marc', 'miller.rafaela@example.net', 'yromaguera');
INSERT INTO `profile` (`Profile_Id`, `UsersId`, `Username`, `Mail`, `My_channel`) VALUES (93, 80, 'Geoffrey', 'nicola.reinger@example.org', 'elouise.tromp');
INSERT INTO `profile` (`Profile_Id`, `UsersId`, `Username`, `Mail`, `My_channel`) VALUES (94, 33, 'Daisy', 'senger.presley@example.org', 'yasmin53');
INSERT INTO `profile` (`Profile_Id`, `UsersId`, `Username`, `Mail`, `My_channel`) VALUES (95, 16, 'Jefferey', 'alysson.powlowski@example.com', 'kunze.eleanora');
INSERT INTO `profile` (`Profile_Id`, `UsersId`, `Username`, `Mail`, `My_channel`) VALUES (96, 26, 'Chaya', 'iledner@example.net', 'mellie.klocko');
INSERT INTO `profile` (`Profile_Id`, `UsersId`, `Username`, `Mail`, `My_channel`) VALUES (97, 42, 'Serenity', 'angel.jones@example.com', 'samir.tremblay');
INSERT INTO `profile` (`Profile_Id`, `UsersId`, `Username`, `Mail`, `My_channel`) VALUES (98, 36, 'Kaci', 'ueichmann@example.org', 'hilda.lindgren');
INSERT INTO `profile` (`Profile_Id`, `UsersId`, `Username`, `Mail`, `My_channel`) VALUES (99, 30, 'Carlo', 'roberts.kurtis@example.com', 'qmarks');
INSERT INTO `profile` (`Profile_Id`, `UsersId`, `Username`, `Mail`, `My_channel`) VALUES (100, 92, 'Kasandra', 'jakob.koelpin@example.com', 'abauch');


#
# TABLE STRUCTURE FOR: userchannel
#

DROP TABLE IF EXISTS `userchannel`;

CREATE TABLE `userchannel` (
  `userId` int(11) NOT NULL,
  `Channelid` int(11) NOT NULL,
  KEY `userId` (`userId`),
  KEY `Channelid` (`Channelid`),
  CONSTRAINT `userchannel_ibfk_1` FOREIGN KEY (`userId`) REFERENCES `users` (`id`),
  CONSTRAINT `userchannel_ibfk_2` FOREIGN KEY (`Channelid`) REFERENCES `channels` (`IdChannel`)
) ENGINE=InnoDB DEFAULT CHARSET=utf8mb4 COLLATE=utf8mb4_unicode_ci;

INSERT INTO `userchannel` (`userId`, `Channelid`) VALUES (41, 22);
INSERT INTO `userchannel` (`userId`, `Channelid`) VALUES (85, 60);
INSERT INTO `userchannel` (`userId`, `Channelid`) VALUES (5, 22);
INSERT INTO `userchannel` (`userId`, `Channelid`) VALUES (22, 92);
INSERT INTO `userchannel` (`userId`, `Channelid`) VALUES (62, 47);
INSERT INTO `userchannel` (`userId`, `Channelid`) VALUES (56, 74);
INSERT INTO `userchannel` (`userId`, `Channelid`) VALUES (82, 43);
INSERT INTO `userchannel` (`userId`, `Channelid`) VALUES (45, 43);
INSERT INTO `userchannel` (`userId`, `Channelid`) VALUES (1, 97);
INSERT INTO `userchannel` (`userId`, `Channelid`) VALUES (87, 24);
INSERT INTO `userchannel` (`userId`, `Channelid`) VALUES (35, 64);
INSERT INTO `userchannel` (`userId`, `Channelid`) VALUES (97, 3);
INSERT INTO `userchannel` (`userId`, `Channelid`) VALUES (11, 19);
INSERT INTO `userchannel` (`userId`, `Channelid`) VALUES (97, 66);
INSERT INTO `userchannel` (`userId`, `Channelid`) VALUES (68, 15);
INSERT INTO `userchannel` (`userId`, `Channelid`) VALUES (67, 38);
INSERT INTO `userchannel` (`userId`, `Channelid`) VALUES (78, 53);
INSERT INTO `userchannel` (`userId`, `Channelid`) VALUES (65, 85);
INSERT INTO `userchannel` (`userId`, `Channelid`) VALUES (16, 38);
INSERT INTO `userchannel` (`userId`, `Channelid`) VALUES (13, 96);
INSERT INTO `userchannel` (`userId`, `Channelid`) VALUES (96, 97);
INSERT INTO `userchannel` (`userId`, `Channelid`) VALUES (75, 91);
INSERT INTO `userchannel` (`userId`, `Channelid`) VALUES (72, 53);
INSERT INTO `userchannel` (`userId`, `Channelid`) VALUES (12, 14);
INSERT INTO `userchannel` (`userId`, `Channelid`) VALUES (10, 49);
INSERT INTO `userchannel` (`userId`, `Channelid`) VALUES (44, 38);
INSERT INTO `userchannel` (`userId`, `Channelid`) VALUES (15, 86);
INSERT INTO `userchannel` (`userId`, `Channelid`) VALUES (35, 45);
INSERT INTO `userchannel` (`userId`, `Channelid`) VALUES (88, 9);
INSERT INTO `userchannel` (`userId`, `Channelid`) VALUES (76, 28);
INSERT INTO `userchannel` (`userId`, `Channelid`) VALUES (92, 41);
INSERT INTO `userchannel` (`userId`, `Channelid`) VALUES (39, 85);
INSERT INTO `userchannel` (`userId`, `Channelid`) VALUES (21, 94);
INSERT INTO `userchannel` (`userId`, `Channelid`) VALUES (83, 96);
INSERT INTO `userchannel` (`userId`, `Channelid`) VALUES (18, 52);
INSERT INTO `userchannel` (`userId`, `Channelid`) VALUES (9, 94);
INSERT INTO `userchannel` (`userId`, `Channelid`) VALUES (65, 68);
INSERT INTO `userchannel` (`userId`, `Channelid`) VALUES (40, 82);
INSERT INTO `userchannel` (`userId`, `Channelid`) VALUES (64, 14);
INSERT INTO `userchannel` (`userId`, `Channelid`) VALUES (47, 54);
INSERT INTO `userchannel` (`userId`, `Channelid`) VALUES (58, 84);
INSERT INTO `userchannel` (`userId`, `Channelid`) VALUES (48, 14);
INSERT INTO `userchannel` (`userId`, `Channelid`) VALUES (94, 82);
INSERT INTO `userchannel` (`userId`, `Channelid`) VALUES (96, 79);
INSERT INTO `userchannel` (`userId`, `Channelid`) VALUES (24, 61);
INSERT INTO `userchannel` (`userId`, `Channelid`) VALUES (83, 47);
INSERT INTO `userchannel` (`userId`, `Channelid`) VALUES (45, 1);
INSERT INTO `userchannel` (`userId`, `Channelid`) VALUES (96, 2);
INSERT INTO `userchannel` (`userId`, `Channelid`) VALUES (37, 30);
INSERT INTO `userchannel` (`userId`, `Channelid`) VALUES (36, 79);
INSERT INTO `userchannel` (`userId`, `Channelid`) VALUES (67, 83);
INSERT INTO `userchannel` (`userId`, `Channelid`) VALUES (79, 95);
INSERT INTO `userchannel` (`userId`, `Channelid`) VALUES (20, 50);
INSERT INTO `userchannel` (`userId`, `Channelid`) VALUES (86, 13);
INSERT INTO `userchannel` (`userId`, `Channelid`) VALUES (57, 73);
INSERT INTO `userchannel` (`userId`, `Channelid`) VALUES (57, 73);
INSERT INTO `userchannel` (`userId`, `Channelid`) VALUES (39, 52);
INSERT INTO `userchannel` (`userId`, `Channelid`) VALUES (49, 85);
INSERT INTO `userchannel` (`userId`, `Channelid`) VALUES (24, 99);
INSERT INTO `userchannel` (`userId`, `Channelid`) VALUES (74, 81);
INSERT INTO `userchannel` (`userId`, `Channelid`) VALUES (20, 51);
INSERT INTO `userchannel` (`userId`, `Channelid`) VALUES (91, 47);
INSERT INTO `userchannel` (`userId`, `Channelid`) VALUES (93, 62);
INSERT INTO `userchannel` (`userId`, `Channelid`) VALUES (38, 30);
INSERT INTO `userchannel` (`userId`, `Channelid`) VALUES (20, 45);
INSERT INTO `userchannel` (`userId`, `Channelid`) VALUES (54, 77);
INSERT INTO `userchannel` (`userId`, `Channelid`) VALUES (61, 46);
INSERT INTO `userchannel` (`userId`, `Channelid`) VALUES (42, 75);
INSERT INTO `userchannel` (`userId`, `Channelid`) VALUES (33, 99);
INSERT INTO `userchannel` (`userId`, `Channelid`) VALUES (25, 84);
INSERT INTO `userchannel` (`userId`, `Channelid`) VALUES (7, 48);
INSERT INTO `userchannel` (`userId`, `Channelid`) VALUES (61, 31);
INSERT INTO `userchannel` (`userId`, `Channelid`) VALUES (52, 14);
INSERT INTO `userchannel` (`userId`, `Channelid`) VALUES (39, 47);
INSERT INTO `userchannel` (`userId`, `Channelid`) VALUES (40, 75);
INSERT INTO `userchannel` (`userId`, `Channelid`) VALUES (87, 38);
INSERT INTO `userchannel` (`userId`, `Channelid`) VALUES (65, 28);
INSERT INTO `userchannel` (`userId`, `Channelid`) VALUES (86, 85);
INSERT INTO `userchannel` (`userId`, `Channelid`) VALUES (84, 14);
INSERT INTO `userchannel` (`userId`, `Channelid`) VALUES (41, 20);
INSERT INTO `userchannel` (`userId`, `Channelid`) VALUES (53, 47);
INSERT INTO `userchannel` (`userId`, `Channelid`) VALUES (72, 14);
INSERT INTO `userchannel` (`userId`, `Channelid`) VALUES (85, 64);
INSERT INTO `userchannel` (`userId`, `Channelid`) VALUES (16, 70);
INSERT INTO `userchannel` (`userId`, `Channelid`) VALUES (49, 7);
INSERT INTO `userchannel` (`userId`, `Channelid`) VALUES (2, 46);
INSERT INTO `userchannel` (`userId`, `Channelid`) VALUES (47, 60);
INSERT INTO `userchannel` (`userId`, `Channelid`) VALUES (94, 16);
INSERT INTO `userchannel` (`userId`, `Channelid`) VALUES (44, 92);
INSERT INTO `userchannel` (`userId`, `Channelid`) VALUES (43, 95);
INSERT INTO `userchannel` (`userId`, `Channelid`) VALUES (28, 25);
INSERT INTO `userchannel` (`userId`, `Channelid`) VALUES (16, 4);
INSERT INTO `userchannel` (`userId`, `Channelid`) VALUES (20, 81);
INSERT INTO `userchannel` (`userId`, `Channelid`) VALUES (35, 56);
INSERT INTO `userchannel` (`userId`, `Channelid`) VALUES (37, 74);
INSERT INTO `userchannel` (`userId`, `Channelid`) VALUES (95, 4);
INSERT INTO `userchannel` (`userId`, `Channelid`) VALUES (69, 97);
INSERT INTO `userchannel` (`userId`, `Channelid`) VALUES (31, 33);
INSERT INTO `userchannel` (`userId`, `Channelid`) VALUES (22, 21);
INSERT INTO `userchannel` (`userId`, `Channelid`) VALUES (48, 8);


#
# TABLE STRUCTURE FOR: users
#

DROP TABLE IF EXISTS `users`;

CREATE TABLE `users` (
  `id` int(11) NOT NULL AUTO_INCREMENT,
  `login` char(100) COLLATE utf8mb4_unicode_ci NOT NULL,
  `pass` char(150) COLLATE utf8mb4_unicode_ci NOT NULL,
  PRIMARY KEY (`id`),
  UNIQUE KEY `login` (`login`)
) ENGINE=InnoDB AUTO_INCREMENT=101 DEFAULT CHARSET=utf8mb4 COLLATE=utf8mb4_unicode_ci;

INSERT INTO `users` (`id`, `login`, `pass`) VALUES (1, 'immanuel13@example.net', 'b8fd3e06fc9306b87f2841f55c4f023267354979');
INSERT INTO `users` (`id`, `login`, `pass`) VALUES (2, 'immanuel.dickens@example.org', 'c0d0c290d1cf62a2a9da8032a79c14ae79651d74');
INSERT INTO `users` (`id`, `login`, `pass`) VALUES (3, 'qgusikowski@example.org', '164d28d604ba9f72984a1711fc2b227165d95fc4');
INSERT INTO `users` (`id`, `login`, `pass`) VALUES (4, 'o\'connell.rosella@example.net', '30993909d883f183ddd99beef2f87bd8bbade0da');
INSERT INTO `users` (`id`, `login`, `pass`) VALUES (5, 'feest.ted@example.org', 'fb9e9d2ac7986671750dbaa92ebd919788daaf18');
INSERT INTO `users` (`id`, `login`, `pass`) VALUES (6, 'candido68@example.net', 'ee7766cf9da64b0788909a30b857c439319c69ff');
INSERT INTO `users` (`id`, `login`, `pass`) VALUES (7, 'zboncak.moses@example.com', 'e7387d87112548d58c69fe2e0c4ccb674bc041c3');
INSERT INTO `users` (`id`, `login`, `pass`) VALUES (8, 'hermann.otho@example.com', '3ee1dfdc28ca72a62a12aefbf03a056cad168c11');
INSERT INTO `users` (`id`, `login`, `pass`) VALUES (9, 'estelle66@example.org', 'cf2e2254110198fb642778ddebde7e5d83dec0d7');
INSERT INTO `users` (`id`, `login`, `pass`) VALUES (10, 'tavares12@example.org', '058cfca44b000ae5f046d63da115b57f9da392dc');
INSERT INTO `users` (`id`, `login`, `pass`) VALUES (11, 'von.jaren@example.net', '314ef875e0ae120007eb59abfce3d7c16f9e3a33');
INSERT INTO `users` (`id`, `login`, `pass`) VALUES (12, 'rosenbaum.marjorie@example.org', '8581c5ac1cf3305cd51bf2513762d3c66833549c');
INSERT INTO `users` (`id`, `login`, `pass`) VALUES (13, 'little.rafael@example.org', '0af9d5ac3f5867e5deed0a4f95bce72e2d084d02');
INSERT INTO `users` (`id`, `login`, `pass`) VALUES (14, 'jprohaska@example.org', '078ba04c7df4b78ee2421e6ac890914067f5ee05');
INSERT INTO `users` (`id`, `login`, `pass`) VALUES (15, 'amari.zemlak@example.org', '764da76d81484679eb5de7c4f67fc262f3318331');
INSERT INTO `users` (`id`, `login`, `pass`) VALUES (16, 'harris.santina@example.org', '1d4065c210f48b5d91436a7ad802a38d278792b0');
INSERT INTO `users` (`id`, `login`, `pass`) VALUES (17, 'tre67@example.net', '0b99022f039ad40648aaf27e525303f8b8a2fd6e');
INSERT INTO `users` (`id`, `login`, `pass`) VALUES (18, 'wmonahan@example.org', '98f68719bd9844f216b2e3a908747c40602aca8c');
INSERT INTO `users` (`id`, `login`, `pass`) VALUES (19, 'hans.wisozk@example.net', '25e12532712a3161856db94982cadc33c81c669d');
INSERT INTO `users` (`id`, `login`, `pass`) VALUES (20, 'ischuster@example.net', '4ec605464e02d308b0e3a23d65c36f53d254e337');
INSERT INTO `users` (`id`, `login`, `pass`) VALUES (21, 'xcollier@example.com', '08f82af6a91fec53d6e96b70d0841a1639125841');
INSERT INTO `users` (`id`, `login`, `pass`) VALUES (22, 'jritchie@example.org', '5e4e5c435659593902358c2adc59f97ab1ea8e1b');
INSERT INTO `users` (`id`, `login`, `pass`) VALUES (23, 'ward.devante@example.com', '1454752cab2fcac7d4bf4e87f35b658c3773e4c0');
INSERT INTO `users` (`id`, `login`, `pass`) VALUES (24, 'borer.sibyl@example.org', '89112efb205297cb98dc1072fc9dcbbd58146f06');
INSERT INTO `users` (`id`, `login`, `pass`) VALUES (25, 'xlemke@example.net', '1d77c3b5e5d1a753c544b469b8039fc07c912e91');
INSERT INTO `users` (`id`, `login`, `pass`) VALUES (26, 'maribel70@example.org', '751017c79ecc2c146d244948c46cf105e32d2656');
INSERT INTO `users` (`id`, `login`, `pass`) VALUES (27, 'abbott.brianne@example.com', '29ebebf655a090a326183a052430815d033e56cc');
INSERT INTO `users` (`id`, `login`, `pass`) VALUES (28, 'brendan25@example.org', '8375e44fa3e45f37795e4af7a9d37bbc3322cd3e');
INSERT INTO `users` (`id`, `login`, `pass`) VALUES (29, 'ko\'reilly@example.net', '4e956f250d2ce1c6745059893fffbd6901b612dc');
INSERT INTO `users` (`id`, `login`, `pass`) VALUES (30, 'ashley76@example.net', '289766d6936d8a52a5201c2941ea8e1d8c8461c0');
INSERT INTO `users` (`id`, `login`, `pass`) VALUES (31, 'gfeil@example.org', 'e05090b9129657d8dc54d642829bea295d27e296');
INSERT INTO `users` (`id`, `login`, `pass`) VALUES (32, 'icummings@example.net', 'b755a4212b602e7ecb5482c8a58fe4d41ded0085');
INSERT INTO `users` (`id`, `login`, `pass`) VALUES (33, 'welch.christy@example.net', '44b0128bbbc0a9c26437c4b3fd18419788c7a5a8');
INSERT INTO `users` (`id`, `login`, `pass`) VALUES (34, 'mgorczany@example.net', '384576771bc7276c47ffd32d4ce9c989fca5e428');
INSERT INTO `users` (`id`, `login`, `pass`) VALUES (35, 'janet.wilderman@example.net', '65b267a65590a45ec1add6710e6201349b37634c');
INSERT INTO `users` (`id`, `login`, `pass`) VALUES (36, 'qkoss@example.com', 'c0d190a9f1ccc88e91f27b9335240e5d11471971');
INSERT INTO `users` (`id`, `login`, `pass`) VALUES (37, 'mbartoletti@example.net', 'd954e7fc6e5fddcdb1e8c6426a7facc487b25306');
INSERT INTO `users` (`id`, `login`, `pass`) VALUES (38, 'violette.mosciski@example.com', '83cfd41b33fac3e0d62589976bde0c671f2e3410');
INSERT INTO `users` (`id`, `login`, `pass`) VALUES (39, 'gracie.carter@example.net', 'aa3fbb51fa5562de159919b5d51687a54b6bfbd2');
INSERT INTO `users` (`id`, `login`, `pass`) VALUES (40, 'mmurray@example.net', '66d5710314f1731c12f572222cbd8e9232475be2');
INSERT INTO `users` (`id`, `login`, `pass`) VALUES (41, 'bwalsh@example.com', 'f50ca0877d15f6737c22780b9afe4140e649dbb8');
INSERT INTO `users` (`id`, `login`, `pass`) VALUES (42, 'daugherty.arlie@example.com', '13a6799d7f753c69982df3dd2b50ec6847b88c67');
INSERT INTO `users` (`id`, `login`, `pass`) VALUES (43, 'waelchi.lillian@example.com', '6f0962e5b1975f1ad8a5219125777459821df271');
INSERT INTO `users` (`id`, `login`, `pass`) VALUES (44, 'estroman@example.net', '4df5b1eeebada1e8f67edf2b9c70b73a38f158b9');
INSERT INTO `users` (`id`, `login`, `pass`) VALUES (45, 'rtreutel@example.net', 'c94947a1eb32c71365e6fd9b979654b337e254a4');
INSERT INTO `users` (`id`, `login`, `pass`) VALUES (46, 'jenkins.peyton@example.net', '86e84a15296f01e01e6b6da7f9090ee05590b67c');
INSERT INTO `users` (`id`, `login`, `pass`) VALUES (47, 'ortiz.geo@example.net', '20ce746f812416cb63328df7346a37ec65bd161a');
INSERT INTO `users` (`id`, `login`, `pass`) VALUES (48, 'lauriane25@example.net', '932e3d30671c3c39759234cbe4961f8ab757db00');
INSERT INTO `users` (`id`, `login`, `pass`) VALUES (49, 'nico.hagenes@example.net', 'dffe57f4c274d3bb5c56460fcab0b7eb835c17d5');
INSERT INTO `users` (`id`, `login`, `pass`) VALUES (50, 'jamey.macejkovic@example.net', '407669620bac599263e75bc2abfac030592abb73');
INSERT INTO `users` (`id`, `login`, `pass`) VALUES (51, 'wilkinson.bryce@example.net', '9141ecf173b1501d648e65c0fd5102ebc37ec2f3');
INSERT INTO `users` (`id`, `login`, `pass`) VALUES (52, 'alfred.corwin@example.com', '5ba8af616b9248d25037bcb97f3e40bebbd4c1f3');
INSERT INTO `users` (`id`, `login`, `pass`) VALUES (53, 'klein.eleonore@example.org', 'f5f0ab71e44811ae1a839d55b25bf826efa1f144');
INSERT INTO `users` (`id`, `login`, `pass`) VALUES (54, 'ephraim.vonrueden@example.net', 'd7fdb835e671edeb9eb7a69c085d07d1888cad80');
INSERT INTO `users` (`id`, `login`, `pass`) VALUES (55, 'josie92@example.com', '936f3cfc0e4ee3f63aeb9280b0242a7f03de6096');
INSERT INTO `users` (`id`, `login`, `pass`) VALUES (56, 'gutmann.joan@example.org', 'cecce5a322ba4b0509150ca161424e3a3b4e17f9');
INSERT INTO `users` (`id`, `login`, `pass`) VALUES (57, 'tlittel@example.net', 'ae38cd65c7edfec9713627127bd16e99bbcc8006');
INSERT INTO `users` (`id`, `login`, `pass`) VALUES (58, 'dlangworth@example.org', 'eb70b0f123d44333181d0cbb82dc07ae37976c55');
INSERT INTO `users` (`id`, `login`, `pass`) VALUES (59, 'violette66@example.net', '8c1f1178c947e8ed3dd16b4c8fcf826fc45a32e9');
INSERT INTO `users` (`id`, `login`, `pass`) VALUES (60, 'margaret.lemke@example.com', 'f0834c20eb3457bffc2f98cd2b35aec32bb06531');
INSERT INTO `users` (`id`, `login`, `pass`) VALUES (61, 'qcole@example.net', 'd923a92ef4484015f988d1e2024ae5cadcd753af');
INSERT INTO `users` (`id`, `login`, `pass`) VALUES (62, 'wendy96@example.org', 'd65cef8684efd2dd68277f9102d357a911df8d70');
INSERT INTO `users` (`id`, `login`, `pass`) VALUES (63, 'reichel.noble@example.org', '110291b22902a21d432d8b7ed691f26b82983902');
INSERT INTO `users` (`id`, `login`, `pass`) VALUES (64, 'sheila44@example.org', 'dfa8336c4eee45b6846bd96731bd398545c1ee49');
INSERT INTO `users` (`id`, `login`, `pass`) VALUES (65, 'janae85@example.net', 'c9c408477f4bdc9d9068554b6d3158183de1bba1');
INSERT INTO `users` (`id`, `login`, `pass`) VALUES (66, 'halie.koss@example.com', 'ede5c0541d53059bc74f348ba0b8795bc9334f8f');
INSERT INTO `users` (`id`, `login`, `pass`) VALUES (67, 'zulauf.chad@example.org', '540c6d86edef9785caf038ae6f5eaf4646922489');
INSERT INTO `users` (`id`, `login`, `pass`) VALUES (68, 'olen74@example.com', 'af831847ef65c7cdbc22ba2b1d94c7eaff5a1d24');
INSERT INTO `users` (`id`, `login`, `pass`) VALUES (69, 'jtreutel@example.org', '560b8e35858eafe0284d9af5b934d86a9bdd5ff4');
INSERT INTO `users` (`id`, `login`, `pass`) VALUES (70, 'omckenzie@example.org', 'dce2398e48a4712f883ff338c868a9aec6f2a897');
INSERT INTO `users` (`id`, `login`, `pass`) VALUES (71, 'qdickinson@example.com', 'c4a83e9f355bc54e173b393f2e9ad2db5b073296');
INSERT INTO `users` (`id`, `login`, `pass`) VALUES (72, 'cristian90@example.com', '8fdab441445470d372b3241dee9c4d3b25178526');
INSERT INTO `users` (`id`, `login`, `pass`) VALUES (73, 'sawayn.josh@example.org', 'aee541bfb04b1ee742e16fd54e7d16b2e0552340');
INSERT INTO `users` (`id`, `login`, `pass`) VALUES (74, 'kbechtelar@example.org', '0afb8319bf364dc0656a7f1ed2f15575772e84ba');
INSERT INTO `users` (`id`, `login`, `pass`) VALUES (75, 'murphy.aaron@example.com', '8fdf4bf4f37b592d393547c21e01f799a45a3c57');
INSERT INTO `users` (`id`, `login`, `pass`) VALUES (76, 'hyatt.adeline@example.com', 'a287cd31920de87647a2b5a837e63ec83b9be6d0');
INSERT INTO `users` (`id`, `login`, `pass`) VALUES (77, 'jimmie.koepp@example.org', 'ddf0d572fb6661dfdd78eda357cbc2f3af543af9');
INSERT INTO `users` (`id`, `login`, `pass`) VALUES (78, 'marshall21@example.net', '833e8930c9b49c72021da930779a735756822841');
INSERT INTO `users` (`id`, `login`, `pass`) VALUES (79, 'jacobson.adonis@example.com', '00dd4dde5d545a7baa7eb3c125b7715c72ff6284');
INSERT INTO `users` (`id`, `login`, `pass`) VALUES (80, 'grace98@example.net', '8e93fb8823b8c93c5b87b189b2870e304d02116d');
INSERT INTO `users` (`id`, `login`, `pass`) VALUES (81, 'hudson.makenna@example.com', '3171e78e30a11921f3f0f8501acf72a38502b227');
INSERT INTO `users` (`id`, `login`, `pass`) VALUES (82, 'enid.torphy@example.org', 'e0aa06c48c267a488b5f424a0cf84993cb7345ec');
INSERT INTO `users` (`id`, `login`, `pass`) VALUES (83, 'armstrong.taurean@example.org', 'd0ad51fb6b964229bbc2301311f370e70e488d7d');
INSERT INTO `users` (`id`, `login`, `pass`) VALUES (84, 'carson.paucek@example.net', 'ef170a14f87be37d287d922284b537bae883e36d');
INSERT INTO `users` (`id`, `login`, `pass`) VALUES (85, 'kunze.camden@example.net', '0635baebb5dc68d3e885560de27dd65a9c10299d');
INSERT INTO `users` (`id`, `login`, `pass`) VALUES (86, 'carroll85@example.com', '031038db85d6ba544908c91b5aa76d8ef6053516');
INSERT INTO `users` (`id`, `login`, `pass`) VALUES (87, 'jhoppe@example.com', '621b280e87e9f357697ca88afecc08c9069a78c3');
INSERT INTO `users` (`id`, `login`, `pass`) VALUES (88, 'althea.yost@example.org', '3eca11c94ba213fee91142910c5ef9a65b6a2819');
INSERT INTO `users` (`id`, `login`, `pass`) VALUES (89, 'pauline.cartwright@example.com', '21bcf35aa383df40d550039fe37269c0806f83c8');
INSERT INTO `users` (`id`, `login`, `pass`) VALUES (90, 'wo\'reilly@example.org', 'ad132992634216da3cf50b808eaf28062f93d38b');
INSERT INTO `users` (`id`, `login`, `pass`) VALUES (91, 'maegan.emmerich@example.net', '50b289091e53f22474afbad07d3fa43feb7c18bb');
INSERT INTO `users` (`id`, `login`, `pass`) VALUES (92, 'nolan.bonita@example.com', 'c9334e594e9c8145f7d2c5b6c8f150d11473697b');
INSERT INTO `users` (`id`, `login`, `pass`) VALUES (93, 'maryse.mante@example.net', '2b34690d2ea0ee4db0b89c03406cbe7b91f5ba08');
INSERT INTO `users` (`id`, `login`, `pass`) VALUES (94, 'eduardo.bernier@example.org', '83d28a4021b23b6141e8730c0310648f8324a125');
INSERT INTO `users` (`id`, `login`, `pass`) VALUES (95, 'clay83@example.org', '34b8cf1f6a6f32c64457f84de149fe5cac5740a5');
INSERT INTO `users` (`id`, `login`, `pass`) VALUES (96, 'mbreitenberg@example.org', '48a2b2831c3eb882d593596d607b1e778de8540f');
INSERT INTO `users` (`id`, `login`, `pass`) VALUES (97, 'ines.moore@example.com', '729d0d3e28cf35c23e76d3cb4cff244eced72339');
INSERT INTO `users` (`id`, `login`, `pass`) VALUES (98, 'ncassin@example.com', '820120394b739e1e73b10cae1cb3f379c7aecf6a');
INSERT INTO `users` (`id`, `login`, `pass`) VALUES (99, 'westley.lang@example.org', '257e081a0dd31e43d4afaf51e045445008428b46');
INSERT INTO `users` (`id`, `login`, `pass`) VALUES (100, 'mcclure.jakob@example.org', '4e66acf5f55a2bdbc834dddd040a765f81d56110');


